year,district,DBN,school_name,sat_score,average_score_SAT_math,average_score_SAT_reading,pct_students_SAT_math_college_ready,pct_students_SAT_reading_college_ready,enrollment,homeless,pct_homeless,not_homeless,asian,black,hispanic,white,non_white
2019,9,09X365,Academy for Language and Technology,792.3,400.1,392.2,0.041,0.068,324,0.645,64.5,0.355,,,1,,1
2019,6,06M552,Gregorio Luperon High School for Science and Mathe,822.8,417.4,405.4,0.049,0.097,521,0.418,41.8,0.582,,,1,,1
2019,10,10X342,International School for Liberal Arts,829,417.1,411.9,0.029,0.165,371,0.375,37.5,0.625,,0.003,0.997,,1
2019,19,19K583,Multicultural High School,763.6,388.9,374.7,0.016,0.016,267,0.112,11.2,0.888,,0.019,0.981,,1
2019,12,12X388,Pan American International High School at Monroe,759.9,393,366.9,,0.008,444,0.329,32.9,0.671,,0.005,0.993,,0.998
2019,2,02M542,Manhattan Bridges High School,925.5,480.9,444.6,0.245,0.302,532,0.28,28,0.72,0.002,0.004,0.989,0.002,0.993
2019,24,24Q296,Pan American International High School,787.5,395.6,391.9,0.021,0.028,423,0.182,18.2,0.818,,0.002,0.991,0.002,0.993
2019,9,09X241,Urban Assembly School for Applied Math and Science,929.9,473.8,456.1,0.232,0.293,334,0.117,11.7,0.883,,0.32,0.668,0.006,0.988
2019,6,06M348,Washington Heights Expeditionary Learning School,965.5,482.8,482.7,0.292,0.483,381,0.147,14.7,0.853,0.005,0.045,0.942,0.003,0.987
2019,7,07X223,The Laboratory School of Finance and Technology: X,989,497.6,491.4,0.365,0.506,368,0.109,10.9,0.891,0.008,0.185,0.802,0.003,0.987
2019,9,09X327,Comprehensive Model School Project M.S. 327,986.8,509.3,477.5,0.364,0.455,433,0.152,15.2,0.848,0.002,0.206,0.778,0.014,0.984
2019,4,04M372,Esperanza Preparatory Academy,854.6,420.8,433.8,0.043,0.247,354,0.215,21.5,0.785,0.003,0.09,0.893,0.014,0.983
2019,13,13K594,Gotham Professional Arts Academy,832.8,416.4,416.4,,0.063,178,0.23,23,0.77,0.006,0.775,0.208,0.006,0.983
2019,9,09X263,Validus Preparatory Academy,921.9,456.1,465.8,0.122,0.286,361,0.205,20.5,0.795,0.006,0.316,0.665,0.006,0.981
2019,23,23K644,Eagle Academy for Young Men II,918,457.9,460.1,0.136,0.346,359,0.12,12,0.88,0.011,0.905,0.072,0.003,0.977
2019,17,17K548,Brooklyn School for Music & Theatre,820.9,404.5,416.4,0.03,0.164,296,0.199,19.9,0.801,0.003,0.777,0.199,0.017,0.976
2019,9,09X543,High School for Violin and Dance,803,402.1,400.9,,0.1,253,0.233,23.3,0.767,0.004,0.348,0.628,0.016,0.976
2019,9,09X252,Mott Hall Bronx High School,910.1,450.7,459.4,0.137,0.353,379,0.127,12.7,0.873,,0.261,0.715,0.011,0.976
2019,32,32K545,EBC High School for Public Service - Bushwick,835.3,417.4,417.9,0.047,0.163,479,0.148,14.8,0.852,0.002,0.094,0.881,0.021,0.975
2019,8,08X269,Bronx Studio School for Writers and Artists,916.8,449.9,466.9,0.111,0.333,351,0.16,16,0.84,0.009,0.231,0.744,0.014,0.975
2019,7,07X427,Community School for Social Justice,842.3,411.9,430.4,0.042,0.197,327,0.205,20.5,0.795,,0.229,0.746,0.006,0.975
2019,32,32K552,The Academy of Urban Planning and Engineering,860.6,438.5,422.1,0.038,0.135,231,0.156,15.6,0.844,0.004,0.225,0.749,0.013,0.974
2019,17,17K745,Brooklyn Institute for Liberal Arts,929.1,444.8,484.3,0.083,0.464,415,0.149,14.9,0.851,0.017,0.87,0.104,0.002,0.974
2019,23,23K514,Frederick Douglass Academy VII High School,848.7,421.9,426.8,0.114,0.2,153,0.248,24.8,0.752,0.02,0.85,0.124,,0.974
2019,9,09X250,Eximius College Preparatory Academy: A College Boa,873.2,433,440.2,0.078,0.27,430,0.147,14.7,0.853,0.009,0.321,0.653,,0.974
2019,14,14K685,El Puente Academy for Peace and Justice,848.4,412.9,435.5,0.018,0.286,224,0.143,14.3,0.857,0.004,0.049,0.924,0.004,0.973
2019,7,07X548,Careers in Sports High School,868.4,432.4,436,0.029,0.161,528,0.205,20.5,0.795,0.004,0.292,0.68,0.021,0.972
2019,6,06M346,Community Health Academy of the Heights,938,463.9,474.1,0.186,0.392,435,0.163,16.3,0.837,0.009,0.057,0.915,0.016,0.972
2019,7,07X527,Bronx Leadership Academy II High School,885.3,451.3,434,0.136,0.197,511,0.184,18.4,0.816,0.008,0.266,0.706,0.012,0.972
2019,13,13K412,Brooklyn Community Arts & Media High School (BCAM),881.9,432,449.9,0.081,0.291,421,0.138,13.8,0.862,0.01,0.696,0.276,0.007,0.972
2019,6,06M467,High School for Law and Public Service,865.4,429.2,436.2,0.043,0.171,481,0.27,27,0.73,0.006,0.139,0.832,0.021,0.971
2019,19,19K404,Academy for Young Writers,930,450.4,479.6,0.167,0.389,336,0.11,11,0.89,0.006,0.705,0.265,0.015,0.97
2019,12,12X267,Bronx Latin,885.8,448,437.8,0.121,0.242,338,0.077,7.7,0.923,0.015,0.198,0.772,0.012,0.97
2019,14,14K477,East Williamsburg Scholars Academy,808.8,388.4,420.4,0.012,0.153,304,0.207,20.7,0.793,0.007,0.355,0.615,0.01,0.97
2019,2,02M427,Manhattan Academy For Arts & Language,810,402.9,407.1,0.041,0.149,233,0.433,43.3,0.567,0.009,0.021,0.948,0.021,0.969
2019,7,07X600,Alfred E. Smith Career and Technical Education Hig,837.1,414.7,422.4,0.039,0.165,455,0.182,18.2,0.818,0.004,0.215,0.754,0.015,0.969
2019,6,06M463,High School for Media and Communications,796.4,399.9,396.5,0.056,0.079,396,0.331,33.1,0.669,0.008,0.093,0.876,0.013,0.969
2019,12,12X251,Explorations Academy H.S.,855.5,431.2,424.3,0.11,0.18,326,0.202,20.2,0.798,0.015,0.279,0.69,0.006,0.969
2019,9,09X505,"Bronx School for Law, Government and Justice",943.9,467.2,476.7,0.209,0.395,477,0.13,13,0.87,0.015,0.245,0.723,0.013,0.968
2019,8,08X530,Longwood Preparatory Academy,824.1,410.2,413.9,0.039,0.118,342,0.222,22.2,0.778,0.009,0.345,0.623,0.012,0.968
2019,9,09X329,DreamYard Preparatory School,909.1,436.2,472.9,0.095,0.317,271,0.269,26.9,0.731,0.007,0.273,0.694,0.018,0.967
2019,13,13K350,Urban Assembly School for Music and Art,864.9,419.8,445.1,0.02,0.24,207,0.145,14.5,0.855,0.005,0.739,0.227,0.019,0.966
2019,9,09X404,School for Excellence,822.4,408,414.4,0.032,0.106,326,0.221,22.1,0.779,0.009,0.285,0.681,0.012,0.966
2019,6,06M462,The College Academy,823.2,415.5,407.7,0.06,0.1,427,0.302,30.2,0.698,0.002,0.066,0.899,0.021,0.965
2019,17,17K600,Clara Barton High School,886.4,433.5,452.9,0.097,0.287,1200,0.108,10.8,0.892,0.014,0.892,0.073,0.009,0.965
2019,8,08X559,School for Tourism and Hospitality,847,427.2,419.8,0.048,0.086,299,0.291,29.1,0.709,0.007,0.308,0.656,0.02,0.964
2019,9,09X297,Morris Academy for Collaborative Studies,872.8,432.5,440.3,0.107,0.25,409,0.156,15.6,0.844,0.017,0.269,0.694,0.017,0.963
2019,9,09X525,Bronx Leadership Academy High School,823.1,404.8,418.3,0.007,0.12,565,0.211,21.1,0.789,0.005,0.296,0.667,0.014,0.963
2019,19,19K507,Performing Arts and Technology High School,869.4,426.7,442.7,0.075,0.258,409,0.166,16.6,0.834,0.017,0.599,0.364,0.01,0.963
2019,23,23K493,Brooklyn Collegiate: A College Board School,874.2,435.2,439,0.097,0.242,239,0.151,15.1,0.849,0.013,0.837,0.126,0.004,0.963
2019,12,12X248,"Metropolitan High School, The",789.3,392.8,396.5,0.018,0.08,356,0.239,23.9,0.761,0.011,0.236,0.725,0.017,0.961
2019,14,14K488,Brooklyn Preparatory High School,944.9,470.6,474.3,0.223,0.403,527,0.112,11.2,0.888,0.009,0.433,0.528,0.015,0.961
2019,7,07X221,South Bronx Preparatory: A College Board School,873.8,437,436.8,0.101,0.247,389,0.111,11.1,0.889,0.018,0.257,0.704,0.015,0.961
2019,6,06M211,Inwood Early College for Health and Information Te,896.8,451.3,445.5,0.155,0.299,414,0.123,12.3,0.877,0.005,0.118,0.843,0.014,0.961
2019,14,14K474,PROGRESS High School for Professional Careers,829.9,409.2,420.7,0.032,0.149,674,0.141,14.1,0.859,0.006,0.273,0.688,0.012,0.961
2019,7,07X259,"H.E.R.O. High (Health, Education, and Research Occ",854.2,420.9,433.3,0.064,0.245,530,0.192,19.2,0.808,0.015,0.389,0.572,0.008,0.961
2019,19,19K502,FDNY - Captain Vernon A. Richard High School for F,821.2,408.3,412.9,0.111,0.204,277,0.199,19.9,0.801,0.014,0.697,0.264,0.007,0.961
2019,14,14K586,Lyons Community School,873,428.2,444.8,0.053,0.276,298,0.164,16.4,0.836,,0.302,0.658,0.034,0.96
2019,10,10X225,Theatre Arts Production Company School,922.6,454.2,468.4,0.122,0.415,348,0.141,14.1,0.859,0.023,0.253,0.707,0.017,0.96
2019,6,06M468,High School for Health Careers and Sciences,842.7,427.5,415.2,0.099,0.173,423,0.246,24.6,0.754,0.019,0.149,0.811,0.012,0.96
2019,7,07X670,Health Opportunities High School,877,434.2,442.8,0.066,0.222,497,0.213,21.3,0.787,0.008,0.374,0.586,0.008,0.96
2019,29,29Q283,Preparatory Academy for Writers: A College Board S,919.7,458.2,461.5,0.227,0.309,371,0.059,5.9,0.941,0.03,0.903,0.057,,0.96
2019,7,07X551,The Urban Assembly Bronx Academy of Letters,848.6,415.4,433.2,0.075,0.225,336,0.143,14.3,0.857,0.012,0.295,0.664,0.027,0.959
2019,12,12X684,Wings Academy,808.7,391.9,416.8,0.011,0.087,463,0.184,18.4,0.816,0.004,0.562,0.397,0.015,0.959
2019,12,12X682,Fannie Lou Hamer Freedom High School,832.5,399.5,433,0.017,0.223,471,0.187,18.7,0.813,0.008,0.282,0.677,0.013,0.959
2019,7,07X522,Bronx Design and Construction Academy,845.4,430.3,415.1,0.061,0.092,452,0.201,20.1,0.799,0.002,0.277,0.681,0.018,0.958
2019,18,18K563,It Takes a Village Academy,888,436.8,451.2,0.102,0.299,659,0.096,9.6,0.904,0.018,0.891,0.067,0.011,0.958
2019,9,09X517,Frederick Douglass Academy III Secondary School,864.4,430.8,433.6,0.093,0.196,408,0.265,26.5,0.735,0.012,0.434,0.522,0.017,0.956
2019,18,18K569,Kurt Hahn Expeditionary Learning School,841.6,416.5,425.1,0.022,0.135,294,0.116,11.6,0.884,0.007,0.891,0.065,0.017,0.956
2019,5,05M670,Thurgood Marshall Academy for Learning and Social,962.8,471.1,491.7,0.198,0.481,386,0.127,12.7,0.873,0.018,0.663,0.293,0.008,0.956
2019,9,09X231,Eagle Academy for Young Men,918.9,445.8,473.1,0.121,0.409,291,0.107,10.7,0.893,0.007,0.55,0.405,0.017,0.955
2019,17,17K531,"School for Human Rights, The",886.6,428.2,458.4,0.038,0.308,330,0.127,12.7,0.873,0.021,0.87,0.085,0.012,0.955
2019,13,13K265,Dr. Susan S. McKinney Secondary School of the Arts,888.3,436.6,451.7,0.091,0.255,223,0.148,14.8,0.852,0.018,0.726,0.229,0.009,0.955
2019,17,17K408,Academy of Hospitality and Tourism,835.5,423.4,412.1,0.057,0.171,196,0.153,15.3,0.847,0.005,0.816,0.138,0.036,0.954
2019,2,02M303,"Facing History School, The",853,420,433,0.061,0.232,372,0.172,17.2,0.828,0.011,0.255,0.699,0.022,0.954
2019,32,32K556,Bushwick Leaders High School for Academic Excellen,800.9,403.1,397.8,0.063,0.127,302,0.212,21.2,0.788,0.017,0.199,0.755,0.013,0.954
2019,10,10X437,Fordham High School for the Arts,997.8,499.5,498.3,0.403,0.597,319,0.1,10,0.9,0.016,0.398,0.555,0.022,0.953
2019,5,05M369,Urban Assembly School for the Performing Arts,873.7,429.4,444.3,0.053,0.213,387,0.158,15.8,0.842,0.008,0.478,0.475,0.008,0.953
2019,27,27Q260,Frederick Douglass Academy VI High School,821.1,401.7,419.4,,0.076,346,0.194,19.4,0.806,0.012,0.491,0.462,0.006,0.953
2019,3,03M860,Frederick Douglass Academy II Secondary School,877.8,436.6,441.2,0.041,0.189,290,0.186,18.6,0.814,0.021,0.624,0.328,0.017,0.952
2019,10,10X438,Fordham Leadership Academy,885.7,435.7,450,0.06,0.313,352,0.159,15.9,0.841,0.028,0.256,0.696,0.014,0.952
2019,5,05M499,Frederick Douglass Academy,983.5,491.6,491.9,0.31,0.552,981,0.129,12.9,0.871,0.015,0.69,0.261,0.021,0.951
2019,12,12X521,The Metropolitan Soundview High School,864.5,430.8,433.7,0.102,0.167,423,0.144,14.4,0.856,0.026,0.232,0.719,0.017,0.951
2019,9,09X227,Bronx Collegiate Academy,893.7,439.5,454.2,0.109,0.327,388,0.175,17.5,0.825,0.034,0.232,0.719,0.01,0.951
2019,12,12X479,Bronx Career and College Preparatory High School,848.6,419.6,429,0.071,0.155,268,0.239,23.9,0.761,0.026,0.358,0.593,0.004,0.951
2019,19,19K504,High School for Civil Rights,802.5,390,412.5,0.029,0.087,239,0.238,23.8,0.762,0.021,0.682,0.268,0.017,0.95
2019,7,07X473,Mott Haven Village Preparatory High School,836.7,416.9,419.8,0.013,0.152,315,0.162,16.2,0.838,0.013,0.251,0.698,0.013,0.949
2019,10,10X353,World View High School,822.4,413.1,409.3,0.073,0.211,551,0.167,16.7,0.833,0.011,0.232,0.717,0.007,0.949
2019,5,05M157,The Urban Assembly School for Global Commerce,878.2,429.4,448.8,0.022,0.239,250,0.144,14.4,0.856,0.012,0.492,0.456,0.028,0.948
2019,8,08X312,Millennium Art Academy,866.8,423.2,443.6,0.068,0.252,422,0.154,15.4,0.846,0.014,0.275,0.673,0.024,0.948
2019,12,12X271,East Bronx Academy for the Future,884.5,437.2,447.3,0.079,0.263,388,0.17,17,0.83,0.021,0.255,0.693,0.015,0.948
2019,23,23K697,Teachers Preparatory High School,864.7,417.1,447.6,0.046,0.277,189,0.233,23.3,0.767,0.021,0.783,0.164,0.026,0.947
2019,12,12X511,Bronx Envision Academy,871.4,433.4,438,0.076,0.21,418,0.199,19.9,0.801,0.022,0.337,0.61,0.017,0.947
2019,19,19K422,Spring Creek Community School,890.8,440.8,450,0.125,0.406,303,0.099,9.9,0.901,0.01,0.716,0.231,0.01,0.947
2019,10,10X546,Bronx Theatre High School,858.4,417.3,441.1,0.038,0.228,347,0.196,19.6,0.804,0.012,0.323,0.622,0.026,0.945
2019,10,10X243,West Bronx Academy for the Future,899.4,439.6,459.8,0.071,0.271,327,0.171,17.1,0.829,0.031,0.162,0.783,0.021,0.945
2019,11,11X270,Academy for Scholarship and Entrepreneurship: A Co,858.9,423.4,435.5,0.057,0.189,368,0.163,16.3,0.837,0.016,0.641,0.304,0.019,0.945
2019,10,10X284,Bronx School of Law and Finance,835.3,413.8,421.5,0.038,0.114,369,0.206,20.6,0.794,0.011,0.22,0.724,0.033,0.944
2019,17,17K122,Pathways in Technology Early College High School (,900.3,452.4,447.9,0.121,0.353,581,0.081,8.1,0.919,0.017,0.824,0.119,0.009,0.943
2019,12,12X242,Mott Hall V,944.6,477.8,466.8,0.303,0.414,372,0.075,7.5,0.925,0.051,0.161,0.782,0.005,0.943
2019,10,10X439,Bronx High School for Law and Community Service,926.4,459.3,467.1,0.181,0.458,402,0.152,15.2,0.848,0.012,0.274,0.667,0.025,0.941
2019,7,07X500,Hostos-Lincoln Academy of Science,1027.7,511.9,515.8,0.43,0.527,369,0.1,10,0.9,0.03,0.228,0.713,0.022,0.941
2019,10,10X565,High School for Energy and Technology,867.8,433.3,434.5,0.095,0.2,406,0.18,18,0.82,0.039,0.239,0.702,0.012,0.941
2019,32,32K549,The Brooklyn School for Social Justice,795.6,400.9,394.7,0.01,0.106,335,0.185,18.5,0.815,0.012,0.194,0.746,0.033,0.94
2019,2,02M393,Business Of Sports School,904.6,454.8,449.8,0.066,0.253,429,0.152,15.2,0.848,0.012,0.329,0.611,0.03,0.94
2019,18,18K567,Brooklyn Theatre Arts High School,853,426.2,426.8,0.064,0.192,350,0.109,10.9,0.891,0.023,0.837,0.103,0.02,0.94
2019,6,06M293,City College Academy of the Arts,1095.4,555.3,540.1,0.622,0.824,346,0.084,8.4,0.916,0.017,0.049,0.89,0.035,0.939
2019,9,09X412,Bronx High School of Business,825.7,406.4,419.3,0.017,0.155,275,0.269,26.9,0.731,0.022,0.2,0.738,0.022,0.938
2019,3,03M415,Wadleigh Secondary School for the Performing & Vis,864,431.1,432.9,0.022,0.222,227,0.185,18.5,0.815,0.004,0.537,0.401,0.018,0.938
2019,11,11X544,High School for Contemporary Arts,832.5,413.7,418.8,0.082,0.156,395,0.182,18.2,0.818,0.018,0.395,0.542,0.035,0.937
2019,10,10X524,Crotona International High School,741.8,379.8,362,0.023,,333,0.393,39.3,0.607,0.045,0.06,0.877,0.018,0.937
2019,9,09X403,Bronx International High School,781.3,395.4,385.9,0.011,0.021,418,0.383,38.3,0.617,0.029,0.127,0.809,0.031,0.936
2019,18,18K629,Cultural Academy for the Arts and Sciences,875.7,433.4,442.3,0.1,0.225,282,0.11,11,0.89,0.014,0.84,0.096,0.025,0.936
2019,19,19K660,W. H. Maxwell Career and Technical Education High,849.5,416,433.5,0.039,0.147,376,0.184,18.4,0.816,0.024,0.646,0.29,0.021,0.936
2019,11,11X290,Bronx Academy of Health Careers,834.3,418.1,416.2,0.083,0.19,359,0.223,22.3,0.777,0.039,0.418,0.518,0.011,0.936
2019,16,16K765,Nelson Mandela High School,855,425.6,429.4,0.06,0.164,252,0.179,17.9,0.821,0.016,0.829,0.107,0.008,0.936
2019,10,10X268,Kingsbridge International High School,770,392.8,377.2,0.014,0.014,491,0.411,41.1,0.589,0.033,0.033,0.902,0.026,0.935
2019,16,16K455,Boys and Girls High School,842.3,422.1,420.2,0.079,0.18,439,0.153,15.3,0.847,0.014,0.82,0.114,0.021,0.934
2019,13,13K483,The Urban Assembly School for Law and Justice,937.5,462.2,475.3,0.186,0.412,435,0.094,9.4,0.906,0.025,0.667,0.267,0.018,0.934
2019,18,18K566,Brooklyn Generation School,893.5,437.9,455.6,0.085,0.277,189,0.116,11.6,0.884,0.005,0.81,0.122,0.048,0.932
2019,18,18K576,Victory Collegiate High School,860.3,423.6,436.7,0.013,0.177,341,0.106,10.6,0.894,0.018,0.824,0.106,0.041,0.93
2019,2,02M419,Landmark High School,864.2,421.7,442.5,0.041,0.194,330,0.136,13.6,0.864,0.03,0.339,0.591,0.024,0.93
2019,17,17K382,Academy for College Preparation and Career Explora,909.8,456.9,452.9,0.143,0.222,230,0.161,16.1,0.839,,0.83,0.1,0.022,0.93
2019,9,09X324,Bronx Early College Academy for Teaching & Learnin,1025.9,510.6,515.3,0.397,0.619,272,0.107,10.7,0.893,0.044,0.268,0.662,0.015,0.93
2019,9,09X568,Young Women's Leadership School of the Bronx,1000.2,495.5,504.7,0.313,0.625,285,0.049,4.9,0.951,0.028,0.358,0.572,0.011,0.93
2019,10,10X374,Knowledge and Power Preparatory Academy Internatio,934.4,461.9,472.5,0.179,0.366,464,0.123,12.3,0.877,0.022,0.265,0.664,0.028,0.929
2019,10,10X549,Discovery High School,911.5,462.7,448.8,0.167,0.275,489,0.192,19.2,0.808,0.045,0.166,0.763,0.022,0.929
2019,3,03M307,"Urban Assembly School for Media Studies, The",895.8,446.5,449.3,0.102,0.259,407,0.133,13.3,0.867,0.025,0.322,0.607,0.02,0.929
2019,17,17K546,High School for Public Service: Heroes of Tomorrow,976.5,481.3,495.2,0.24,0.548,462,0.104,10.4,0.896,0.037,0.771,0.158,0.013,0.929
2019,10,10X434,Belmont Preparatory High School,909.2,446.3,462.9,0.138,0.368,390,0.123,12.3,0.877,0.046,0.218,0.71,0.013,0.928
2019,17,17K537,High School for Youth and Community Development at,879.6,429.4,450.2,0.081,0.232,467,0.161,16.1,0.839,0.039,0.784,0.143,0.024,0.927
2019,17,17K590,Medgar Evers College Preparatory School,1124,559.8,564.2,0.709,0.883,897,0.064,6.4,0.936,0.025,0.871,0.056,0.01,0.927
2019,19,19K409,East New York Family Academy,918.9,457.9,461,0.117,0.4,289,0.114,11.4,0.886,0.042,0.623,0.304,0.007,0.927
2019,17,17K539,High School for Service & Learning at Erasmus,868.6,438.2,430.4,0.114,0.19,297,0.104,10.4,0.896,0.03,0.761,0.165,0.027,0.926
2019,10,10X442,"Celia Cruz Bronx High School of Music, The",924.1,447.3,476.8,0.167,0.531,421,0.116,11.6,0.884,0.014,0.266,0.66,0.014,0.926
2019,18,18K617,High School for Innovation in Advertising and Medi,863.8,428.3,435.5,0.098,0.262,240,0.075,7.5,0.925,0.017,0.808,0.117,0.046,0.925
2019,10,10X213,Bronx Engineering and Technology Academy,897.3,443.9,453.4,0.092,0.286,377,0.18,18,0.82,0.045,0.284,0.639,0.024,0.923
2019,2,02M520,Murry Bergtraum High School for Business Careers,865.2,433,432.2,0.111,0.175,182,0.11,11,0.89,0.044,0.511,0.412,0.016,0.923
2019,2,02M543,New Design High School,879,430,449,0.035,0.256,426,0.129,12.9,0.871,0.049,0.345,0.577,0.014,0.922
2019,2,02M296,High School of Hospitality Management,875.4,434,441.4,0.08,0.26,380,0.158,15.8,0.842,0.05,0.276,0.645,0.018,0.921
2019,17,17K543,"Science, Technology and Research Early College Hig",1089.1,531.6,557.5,0.578,0.889,356,0.042,4.2,0.958,0.039,0.795,0.126,0.011,0.921
2019,11,11X455,Harry S Truman High School,900.8,444.6,456.2,0.106,0.253,2081,0.159,15.9,0.841,0.032,0.5,0.42,0.031,0.92
2019,15,15K462,John Jay School for Law,900.9,448.9,452,0.08,0.333,436,0.115,11.5,0.885,0.023,0.626,0.294,0.028,0.92
2019,13,13K499,ACORN Community High School,879.4,436.3,443.1,0.091,0.25,150,0.14,14,0.86,0.033,0.787,0.133,0.027,0.92
2019,19,19K510,World Academy for Total Community Health High Scho,871.1,432.8,438.3,0.056,0.236,250,0.304,30.4,0.696,0.04,0.704,0.216,0.02,0.92
2019,16,16K498,Brooklyn High School for Law and Technology,883,430.3,452.7,0.087,0.294,589,0.136,13.6,0.864,0.039,0.633,0.287,0.019,0.92
2019,2,02M047,47 The American Sign Language and English Secondar,958.5,473.2,485.3,0.15,0.475,196,0.163,16.3,0.837,0.031,0.276,0.643,0.046,0.919
2019,18,18K633,High School for Medical Professions,921.2,451.6,469.6,0.195,0.469,460,0.089,8.9,0.911,0.03,0.789,0.13,0.037,0.919
2019,17,17K547,Brooklyn Academy of Science and the Environment,898.7,446.6,452.1,0.1,0.283,382,0.131,13.1,0.869,0.039,0.804,0.115,0.031,0.919
2019,8,08X561,Bronx Compass High School,876,430.4,445.6,0.069,0.208,381,0.178,17.8,0.822,0.042,0.281,0.638,0.021,0.919
2019,3,03M403,The Global Learning Collaborative,894.3,444.1,450.2,0.091,0.283,414,0.143,14.3,0.857,0.019,0.256,0.662,0.051,0.918
2019,10,10X351,Bronx Collaborative High School,883.5,428.7,454.8,0.099,0.264,587,0.191,19.1,0.809,0.034,0.288,0.63,0.034,0.918
2019,11,11X253,Bronx High School for Writing and Communication Ar,847,416.6,430.4,0.021,0.179,317,0.174,17.4,0.826,0.047,0.476,0.442,0.022,0.918
2019,13,13K605,George Westinghouse Career and Technical Education,902.5,444.8,457.7,0.146,0.354,776,0.095,9.5,0.905,0.04,0.683,0.235,0.017,0.918
2019,10,10X433,High School for Teaching and the Professions,817.5,404.1,413.4,0.06,0.18,414,0.242,24.2,0.758,0.027,0.145,0.771,0.046,0.916
2019,17,17K528,The High School for Global Citizenship,855.3,424.4,430.9,0.081,0.216,213,0.169,16.9,0.831,0.042,0.728,0.188,0.028,0.916
2019,14,14K478,"The High School for Enterprise, Business and Techn",895.1,447.4,447.7,0.141,0.266,831,0.111,11.1,0.889,0.058,0.303,0.613,0.019,0.916
2019,7,07X334,International Community High School,788.4,396.8,391.6,0.025,0.05,425,0.313,31.3,0.687,0.04,0.162,0.753,0.024,0.915
2019,4,04M680,"Heritage School, The",907.8,446.8,461,0.127,0.352,313,0.163,16.3,0.837,0.042,0.265,0.649,0.032,0.914
2019,5,05M304,Mott Hall High School,885.6,441.5,444.1,0.117,0.26,288,0.24,24,0.76,0.042,0.344,0.569,0.028,0.913
2019,27,27Q351,Rockaway Collegiate High School,872.9,433.1,439.8,0.074,0.21,306,0.101,10.1,0.899,0.029,0.559,0.353,0.052,0.912
2019,32,32K403,Academy for Environmental Leadership,821.1,410.7,410.4,0.045,0.179,238,0.214,21.4,0.786,0.042,0.155,0.756,0.042,0.911
2019,10,10X237,"The Marie Curie School for Medicine, Nursing, and",890,434.3,455.7,0.075,0.325,430,0.177,17.7,0.823,0.033,0.288,0.623,0.037,0.911
2019,11,11X265,Bronx Lab School,861.5,424.1,437.4,0.059,0.208,371,0.181,18.1,0.819,0.027,0.348,0.563,0.032,0.911
2019,14,14K610,Automotive High School,850,418.1,431.9,0.05,0.125,329,0.109,10.9,0.891,0.03,0.492,0.419,0.027,0.911
2019,17,17K751,Academy for Health Careers,885.4,417.6,467.8,0.053,0.373,301,0.156,15.6,0.844,0.047,0.771,0.14,0.017,0.911
2019,15,15K519,Cobble Hill School of American Studies,880.7,427.1,453.6,0.055,0.283,582,0.162,16.2,0.838,0.034,0.62,0.29,0.027,0.91
2019,6,06M540,A. Philip Randolph Campus High School,964.3,479.4,484.9,0.262,0.485,1503,0.152,15.2,0.848,0.055,0.277,0.633,0.023,0.91
2019,13,13K670,Benjamin Banneker Academy,1061.1,521,540.1,0.529,0.804,810,0.078,7.8,0.922,0.053,0.799,0.111,0.009,0.91
2019,14,14K071,Juan Morel Campos Secondary School,840.5,418.8,421.7,0.052,0.125,329,0.191,19.1,0.809,0.015,0.14,0.769,0.064,0.909
2019,3,03M492,"High School for Law, Advocacy and Community Justic",923.8,451.8,472,0.11,0.422,429,0.17,17,0.83,0.047,0.336,0.573,0.026,0.909
2019,2,02M300,"Urban Assembly School of Design and Construction,",914.1,466.9,447.2,0.202,0.214,302,0.172,17.2,0.828,0.056,0.225,0.682,0.026,0.907
2019,2,02M305,"Urban Assembly Academy of Government and Law, The",907.4,450.2,457.2,0.098,0.311,324,0.17,17,0.83,0.059,0.34,0.565,0.031,0.905
2019,29,29Q265,Excelsior Preparatory High School,882.8,431.4,451.4,0.098,0.344,438,0.098,9.8,0.902,0.025,0.822,0.082,0.025,0.904
2019,29,29Q248,Queens Preparatory Academy,887.1,443.3,443.8,0.192,0.253,387,0.134,13.4,0.866,0.036,0.819,0.085,0.018,0.904
2019,29,29Q327,Eagle Academy for Young Men III,904.8,448.2,456.6,0.086,0.259,276,0.091,9.1,0.909,0.022,0.859,0.043,0.018,0.902
2019,3,03M299,The Maxine Greene HS for Imaginative Inquiry,870,424.8,445.2,0.054,0.252,341,0.182,18.2,0.818,0.029,0.37,0.531,0.041,0.901
2019,11,11X545,Bronx Aerospace High School,817.6,403.7,413.9,0.012,0.081,322,0.227,22.7,0.773,0.053,0.376,0.525,0.022,0.901
2019,14,14K454,The Williamsburg High School of Art and Technology,791,395.1,395.9,,0.127,302,0.185,18.5,0.815,0.033,0.225,0.675,0.053,0.9
2019,2,02M288,Food and Finance High School,864.1,422.9,441.2,0.11,0.256,375,0.104,10.4,0.896,0.059,0.36,0.539,0.029,0.899
2019,32,32K168,The Brooklyn School for Math and Research,985.7,506.4,479.3,0.385,0.462,277,0.119,11.9,0.881,0.051,0.477,0.422,0.025,0.899
2019,29,29Q259,Pathways College Preparatory School: A College Boa,912.6,454.5,458.1,0.173,0.36,353,0.071,7.1,0.929,0.065,0.853,0.045,0.017,0.898
2019,32,32K554,All City Leadership Secondary School,1131.9,576.1,555.8,0.746,0.78,250,0.044,4.4,0.956,0.048,0.1,0.796,0.052,0.896
2019,15,15K429,Digital Arts and Cinema Technology High School,934.4,459.1,475.3,0.233,0.512,246,0.049,4.9,0.951,0.037,0.545,0.35,0.053,0.895
2019,2,02M139,Stephen T. Mather Building Arts & Craftsmanship Hi,885.4,439.2,446.2,0.138,0.325,401,0.117,11.7,0.883,0.042,0.264,0.631,0.042,0.895
2019,29,29Q498,Humanities & Arts Magnet High School,864.7,421.4,443.3,0.049,0.189,439,0.118,11.8,0.882,0.062,0.745,0.15,0.016,0.895
2019,14,14K558,Williamsburg High School for Architecture and Desi,959.5,471.1,488.4,0.22,0.488,580,0.088,8.8,0.912,0.022,0.284,0.61,0.064,0.894
2019,11,11X514,The Bronxwood Preparatory Academy,844.8,411,433.8,0.01,0.206,360,0.131,13.1,0.869,0.039,0.633,0.261,0.036,0.894
2019,2,02M529,Jacqueline Kennedy Onassis High School,920.1,458.6,461.5,0.153,0.293,443,0.131,13.1,0.869,0.061,0.242,0.652,0.034,0.894
2019,8,08X293,Renaissance High School for Musical Theater and th,892.4,439.2,453.2,0.067,0.317,460,0.13,13,0.87,0.037,0.243,0.65,0.063,0.893
2019,7,07X495,University Heights Secondary School,986.5,477.6,508.9,0.257,0.629,519,0.073,7.3,0.927,0.052,0.256,0.636,0.019,0.892
2019,27,27Q302,"Queens High School for Information, Research, and",859.2,425.8,433.4,0.107,0.229,466,0.109,10.9,0.891,0.052,0.408,0.483,0.032,0.891
2019,19,19K615,Transit Tech Career and Technical Education High S,901.9,444.3,457.6,0.094,0.229,676,0.132,13.2,0.868,0.049,0.595,0.296,0.024,0.891
2019,12,12X478,The Cinema School,978.6,483.1,495.5,0.179,0.567,317,0.12,12,0.88,0.016,0.161,0.729,0.035,0.89
2019,8,08X452,Gotham Collaborative High School,840.2,420.4,419.8,0.063,0.113,532,0.207,20.7,0.793,0.092,0.305,0.585,0.009,0.89
2019,2,02M580,Richard R. Green High School of Teaching,935.8,462.4,473.4,0.157,0.383,429,0.119,11.9,0.881,0.063,0.289,0.599,0.033,0.888
2019,8,08X376,Antonia Pantoja Preparatory Academy: A College Boa,874.2,427.1,447.1,0.033,0.295,233,0.223,22.3,0.777,0.077,0.197,0.691,0.013,0.888
2019,11,11X275,High School of Computers and Technology,916.1,451.4,464.7,0.148,0.38,542,0.168,16.8,0.832,0.081,0.352,0.535,0.015,0.887
2019,10,10X264,Bronx Academy for Software Engineering (BASE),941.9,470.6,471.3,0.263,0.384,419,0.119,11.9,0.881,0.06,0.27,0.616,0.033,0.886
2019,8,08X367,"Archimedes Academy for Math, Science and Technolog",926.9,461.1,465.8,0.138,0.298,358,0.193,19.3,0.807,0.087,0.254,0.631,0.02,0.885
2019,29,29Q272,George Washington Carver High School for the Scien,867.6,426.5,441.1,0.121,0.273,417,0.101,10.1,0.899,0.043,0.734,0.151,0.012,0.885
2019,2,02M600,The High School of Fashion Industries,959.6,466.6,493,0.195,0.545,1577,0.107,10.7,0.893,0.055,0.313,0.57,0.052,0.883
2019,10,10X368,In-Tech Academy (M.S. / High School 368),984.3,487.7,496.6,0.333,0.546,542,0.09,9,0.91,0.05,0.09,0.793,0.048,0.883
2019,2,02M135,The Urban Assembly School for Emergency Management,939,471.3,467.7,0.197,0.377,265,0.158,15.8,0.842,0.06,0.283,0.6,0.034,0.883
2019,18,18K642,Urban Action Academy,839.3,407,432.3,0.037,0.21,264,0.11,11,0.89,0.027,0.765,0.117,0.091,0.882
2019,1,01M509,Marta Valle High School,939.3,467.3,472,0.194,0.472,127,0.134,13.4,0.866,0.071,0.37,0.512,0.024,0.882
2019,9,09X260,Bronx Center for Science and Mathematics,1053.5,527.5,526,0.455,0.618,448,0.112,11.2,0.888,0.067,0.205,0.676,0.029,0.881
2019,2,02M655,Life Sciences Secondary School,896.6,437.8,458.8,0.103,0.309,425,0.16,16,0.84,0.073,0.256,0.624,0.038,0.88
2019,2,02M437,Hudson High School of Learning Technologies,915.3,451.4,463.9,0.131,0.374,476,0.137,13.7,0.863,0.061,0.252,0.628,0.034,0.88
2019,9,09X413,Bronx High School for Medical Science,988.4,493.2,495.2,0.343,0.582,267,0.071,7.1,0.929,0.071,0.243,0.637,0.026,0.88
2019,11,11X249,Bronx Health Sciences High School,996.6,494.3,502.3,0.234,0.638,295,0.112,11.2,0.888,0.064,0.556,0.322,0.037,0.878
2019,19,19K618,Academy of Innovative Technology,914.5,454.8,459.7,0.165,0.352,422,0.095,9.5,0.905,0.062,0.391,0.486,0.026,0.877
2019,2,02M392,Manhattan Business Academy,966.1,479.5,486.6,0.217,0.511,414,0.147,14.7,0.853,0.063,0.225,0.65,0.046,0.875
2019,3,03M494,High School of Arts and Technology,854.1,418.1,436,0.051,0.22,492,0.167,16.7,0.833,0.063,0.319,0.553,0.039,0.872
2019,15,15K448,Brooklyn Collaborative Studies,927.9,461.1,466.8,0.161,0.43,389,0.069,6.9,0.931,0.031,0.393,0.478,0.075,0.871
2019,2,02M500,Unity Center for Urban Technologies,860,418.2,441.8,0.065,0.339,278,0.18,18,0.82,0.083,0.259,0.612,0.04,0.871
2019,4,04M495,Park East High School,964.7,481.6,483.1,0.211,0.541,389,0.093,9.3,0.907,0.067,0.254,0.617,0.026,0.871
2019,2,02M298,Pace High School,985.6,483.6,502,0.299,0.567,572,0.087,8.7,0.913,0.045,0.33,0.54,0.04,0.87
2019,13,13K595,Bedford Academy High School,1064.6,531.6,533,0.514,0.778,363,0.061,6.1,0.939,0.039,0.785,0.085,0.036,0.87
2019,3,03M402,The Urban Assembly School for Green Careers,851.3,415,436.3,0.084,0.229,304,0.171,17.1,0.829,0.023,0.28,0.589,0.086,0.869
2019,13,13K674,"City Polytechnic High School of Engineering, Archi",1015.6,507.2,508.4,0.373,0.59,426,0.063,6.3,0.937,0.054,0.655,0.214,0.061,0.869
2019,2,02M308,Lower Manhattan Arts Academy,910,449.4,460.6,0.123,0.415,290,0.145,14.5,0.855,0.086,0.286,0.583,0.028,0.869
2019,9,09X564,Claremont International HS,758,381.5,376.5,,0.012,361,0.454,45.4,0.546,0.089,0.188,0.679,0.044,0.867
2019,8,08X349,Bronx River High School,888.6,445.3,443.3,0.116,0.242,425,0.139,13.9,0.861,0.054,0.228,0.638,0.054,0.866
2019,15,15K656,Brooklyn High School of the Arts,962.5,476.2,486.3,0.234,0.528,939,0.073,7.3,0.927,0.034,0.653,0.213,0.048,0.866
2019,2,02M316,"Urban Assembly School of Business for Young Women,",936.9,457.4,479.5,0.128,0.362,179,0.128,12.8,0.872,0.056,0.492,0.374,0.034,0.866
2019,14,14K561,Williamsburg Preparatory School,981,485.4,495.6,0.327,0.54,682,0.072,7.2,0.928,0.031,0.157,0.704,0.092,0.861
2019,27,27Q309,Academy of Medical Technology: A College Board Sch,872.6,430.4,442.2,0.061,0.219,400,0.085,8.5,0.915,0.075,0.383,0.475,0.043,0.858
2019,2,02M425,Leadership and Public Service High School,927.3,456.6,470.7,0.18,0.46,473,0.123,12.3,0.877,0.085,0.268,0.59,0.036,0.858
2019,11,11X418,Bronx High School for the Visual Arts,862.3,423.7,438.6,0.043,0.248,461,0.121,12.1,0.879,0.037,0.269,0.588,0.095,0.857
2019,2,02M507,Urban Assembly Gateway School for Technology,1014.9,513.1,501.8,0.441,0.559,456,0.092,9.2,0.908,0.064,0.309,0.546,0.066,0.855
2019,14,14K614,Young Women's Leadership School of Brooklyn,969.3,474.3,495,0.258,0.613,225,0.111,11.1,0.889,0.044,0.427,0.427,0.067,0.854
2019,11,11X508,Bronxdale High School,912.2,446.2,466,0.117,0.396,459,0.113,11.3,0.887,0.05,0.281,0.571,0.083,0.852
2019,18,18K637,Academy for Conservation and the Environment,899.1,448.8,450.3,0.186,0.279,300,0.16,16,0.84,0.06,0.753,0.097,0.063,0.85
2019,24,24Q600,Queens Technical High School,942.9,477.3,465.6,0.264,0.427,1522,0.053,5.3,0.947,0.095,0.051,0.797,0.054,0.848
2019,24,24Q520,Middle College High School at LaGuardia Community,913.4,453.8,459.6,0.139,0.374,508,0.026,2.6,0.974,0.081,0.026,0.821,0.067,0.847
2019,12,12X550,High School of World Cultures,814,415.1,398.9,0.017,0.043,459,0.235,23.5,0.765,0.094,0.089,0.758,0.046,0.847
2019,2,02M374,Gramercy Arts High School,983,482.1,500.9,0.239,0.606,468,0.098,9.8,0.902,0.045,0.327,0.519,0.064,0.846
2019,13,13K419,"Science Skills Center High School for Science, Tec",923,457.6,465.4,0.164,0.409,570,0.114,11.4,0.886,0.081,0.667,0.177,0.042,0.844
2019,8,08X348,Schuylerville Preparatory High School,871.5,428.4,443.1,0.082,0.286,360,0.103,10.3,0.897,0.058,0.283,0.558,0.083,0.841
2019,15,15K464,Park Slope Collegiate,954.9,481.4,473.5,0.265,0.449,440,0.068,6.8,0.932,0.043,0.382,0.457,0.093,0.839
2019,2,02M449,Vanguard High School,922,453.2,468.8,0.163,0.306,427,0.089,8.9,0.911,0.059,0.246,0.593,0.068,0.839
2019,10,10X440,DeWitt Clinton High School,911,455.5,455.5,0.197,0.315,1119,0.171,17.1,0.829,0.106,0.318,0.52,0.032,0.838
2019,1,01M292,Orchard Collegiate Academy,886.4,448.4,438,0.107,0.179,197,0.183,18.3,0.817,0.096,0.269,0.569,0.03,0.838
2019,2,02M605,Humanities Preparatory Academy,977.6,478.8,498.8,0.273,0.561,245,0.2,20,0.8,0.061,0.216,0.62,0.073,0.836
2019,2,02M432,Murray Hill Academy,885.8,440.4,445.4,0.057,0.186,304,0.151,15.1,0.849,0.059,0.306,0.53,0.066,0.836
2019,24,24Q550,High School for Arts and Business,986.7,493.6,493.1,0.337,0.497,784,0.073,7.3,0.927,0.089,0.075,0.761,0.05,0.836
2019,29,29Q243,Institute for Health Professions at Cambria Height,894,434.8,459.2,0.09,0.34,413,0.09,9,0.91,0.107,0.705,0.131,0.019,0.836
2019,22,22K555,Brooklyn College Academy,1107.9,554.5,553.4,0.658,0.877,660,0.033,3.3,0.967,0.094,0.724,0.111,0.039,0.835
2019,19,19K659,Cypress Hills Collegiate Preparatory School,855,428.9,426.1,0.063,0.208,302,0.119,11.9,0.881,0.119,0.185,0.649,0.03,0.834
2019,27,27Q324,Rockaway Park High School for Environmental Sustai,906.5,448.3,458.2,0.084,0.263,304,0.168,16.8,0.832,0.03,0.431,0.401,0.092,0.832
2019,15,15K463,Secondary School for Journalism,862.6,424.3,438.3,0.053,0.193,268,0.116,11.6,0.884,0.067,0.459,0.373,0.086,0.832
2019,8,08X320,Pelham Lab High School,889.6,449.4,440.2,0.109,0.218,475,0.135,13.5,0.865,0.067,0.213,0.619,0.074,0.832
2019,2,02M615,Chelsea Career and Technical Education High School,957.4,480.5,476.9,0.216,0.412,451,0.102,10.2,0.898,0.135,0.215,0.616,0.027,0.831
2019,4,04M610,Young Women's Leadership School,1039.3,520.1,519.2,0.425,0.616,314,0.054,5.4,0.946,0.086,0.239,0.589,0.038,0.828
2019,2,02M439,Manhattan Village Academy,1118.6,565.3,553.3,0.689,0.849,452,0.049,4.9,0.951,0.084,0.159,0.666,0.086,0.825
2019,28,28Q690,High School for Law Enforcement and Public Safety,898.7,443.3,455.4,0.127,0.309,462,0.121,12.1,0.879,0.123,0.578,0.247,0.017,0.825
2019,29,29Q326,Cambria Heights Academy,898.3,444.3,454,0.128,0.34,370,0.092,9.2,0.908,0.146,0.724,0.097,0.016,0.821
2019,21,21K620,William E. Grady Career and Technical Education Hi,824.9,406,418.9,0.049,0.122,412,0.138,13.8,0.862,0.034,0.575,0.243,0.129,0.818
2019,2,02M533,Union Square Academy for Health Sciences,947.2,472.3,474.9,0.191,0.415,414,0.104,10.4,0.896,0.114,0.205,0.611,0.065,0.816
2019,15,15K667,Sunset Park High School,896.8,454.2,442.6,0.157,0.279,1216,0.086,8.6,0.914,0.099,0.075,0.74,0.081,0.815
2019,27,27Q400,August Martin High School,797.9,391.2,406.7,0.071,0.143,311,0.132,13.2,0.868,0.125,0.666,0.148,0.013,0.814
2019,8,08X558,Westchester Square Academy,924.4,467.7,456.7,0.242,0.322,554,0.121,12.1,0.879,0.065,0.244,0.569,0.112,0.813
2019,8,08X432,Bronx Bridges High School,799.5,408.7,390.8,0.032,0.074,329,0.261,26.1,0.739,0.128,0.046,0.766,0.036,0.812
2019,2,02M280,Manhattan Early College School for Advertising,982.8,486.8,496,0.238,0.513,416,0.115,11.5,0.885,0.099,0.361,0.45,0.053,0.811
2019,2,02M400,High School for Environmental Studies,1011.9,509.4,502.5,0.361,0.496,1146,0.111,11.1,0.889,0.111,0.161,0.649,0.065,0.81
2019,19,19K639,Brooklyn Lab School,832.4,414.4,418,0.04,0.147,430,0.144,14.4,0.856,0.116,0.233,0.574,0.053,0.807
2019,21,21K348,High School of Sports Management,890.2,454.1,436.1,0.1,0.24,241,0.108,10.8,0.892,0.058,0.51,0.295,0.116,0.805
2019,11,11X542,Pelham Preparatory Academy,944.5,463.4,481.1,0.207,0.486,511,0.106,10.6,0.894,0.074,0.254,0.55,0.104,0.804
2019,29,29Q492,"Mathematics, Science Research and Technology Magne",889.5,439.5,450,0.071,0.292,407,0.108,10.8,0.892,0.162,0.688,0.113,0.015,0.801
2019,10,10X477,Marble Hill High School for International Studies,1020.4,511.4,509,0.414,0.622,448,0.205,20.5,0.795,0.138,0.15,0.65,0.047,0.8
2019,19,19K683,School for Classics High School,843.1,421.3,421.8,0.082,0.137,270,0.163,16.3,0.837,0.126,0.43,0.37,0.044,0.8
2019,11,11X513,New World High School,897.5,466.1,431.4,0.203,0.203,381,0.231,23.1,0.769,0.097,0.121,0.669,0.11,0.79
2019,2,02M531,Repertory Company High School for Theatre Arts,1001.6,485.3,516.3,0.288,0.695,237,0.051,5.1,0.949,0.008,0.325,0.46,0.181,0.785
2019,25,25Q460,Flushing High School,903.5,453.4,450.1,0.158,0.254,1595,0.11,11,0.89,0.159,0.193,0.589,0.032,0.782
2019,19,19K764,The Urban Assembly School for Collaborative Health,918,461,457,0.219,0.397,338,0.121,12.1,0.879,0.133,0.337,0.441,0.036,0.778
2019,30,30Q450,Long Island City High School,938.2,464,474.2,0.169,0.373,2252,0.079,7.9,0.921,0.146,0.103,0.674,0.059,0.777
2019,2,02M546,Academy for Software Engineering,1049,522,527,0.472,0.698,459,0.063,6.3,0.937,0.102,0.207,0.566,0.109,0.773
2019,2,02M294,Essex Street Academy,899.4,438.2,461.2,0.057,0.357,339,0.088,8.8,0.912,0.062,0.345,0.428,0.106,0.773
2019,27,27Q262,Channel View School for Research,965.6,476.5,489.1,0.242,0.542,553,0.029,2.9,0.971,0.071,0.456,0.316,0.141,0.772
2019,29,29Q313,Benjamin Franklin High School for Finance & Inform,876.6,430.4,446.2,0.141,0.304,389,0.113,11.3,0.887,0.147,0.602,0.165,0.021,0.767
2019,11,11X299,Astor Collegiate Academy,916.6,453.2,463.4,0.194,0.435,500,0.102,10.2,0.898,0.08,0.276,0.49,0.122,0.766
2019,2,02M282,Urban Assembly Maker Academy,996.4,495.1,501.3,0.299,0.532,390,0.087,8.7,0.913,0.082,0.269,0.497,0.108,0.766
2019,31,31R450,Curtis High School,998.4,494.4,504,0.267,0.431,2586,0.1,10,0.9,0.07,0.359,0.406,0.134,0.765
2019,31,31R600,Ralph R. McKee Career and Technical Education High,945.1,468.9,476.2,0.201,0.361,795,0.059,5.9,0.941,0.047,0.272,0.482,0.189,0.754
2019,13,13K527,Urban Assembly Institute of Math and Science for Y,908.2,453,455.2,0.157,0.343,295,0.068,6.8,0.932,0.088,0.586,0.166,0.139,0.752
2019,4,04M555,Central Park East High School,1092.6,554.1,538.5,0.637,0.779,508,0.073,7.3,0.927,0.177,0.258,0.494,0.045,0.752
2019,2,02M519,Talent Unlimited High School,1051,512.6,538.4,0.455,0.758,518,0.052,5.2,0.948,0.039,0.305,0.446,0.137,0.751
2019,11,11X288,Collegiate Institute for Math and Science,1051.1,525,526.1,0.468,0.724,607,0.064,6.4,0.936,0.114,0.343,0.404,0.119,0.747
2019,8,08X405,Herbert H. Lehman High School,929.7,471.8,457.9,0.17,0.258,794,0.113,11.3,0.887,0.144,0.27,0.476,0.093,0.746
2019,24,24Q293,Civic Leadership Academy,990.5,497.4,493.1,0.339,0.525,593,0.056,5.6,0.944,0.132,0.049,0.69,0.061,0.739
2019,2,02M438,International High School at Union Square,829,428.7,400.3,0.075,0.075,356,0.402,40.2,0.598,0.157,0.202,0.534,0.098,0.736
2019,25,25Q240,Veritas Academy,986.6,491.7,494.9,0.259,0.504,567,0.071,7.1,0.929,0.134,0.125,0.61,0.093,0.735
2019,17,17K524,International High School at Prospect Heights,771.3,384.6,386.7,0.019,0.029,368,0.228,22.8,0.772,0.163,0.236,0.497,0.084,0.733
2019,21,21K559,Life Academy High School for Film and Music,922.4,461.1,461.3,0.224,0.328,286,0.105,10.5,0.895,0.115,0.311,0.416,0.143,0.727
2019,4,04M435,Manhattan Center for Science and Mathematics,1170.5,601,569.5,0.772,0.79,1650,0.093,9.3,0.907,0.201,0.193,0.533,0.058,0.726
2019,1,01M450,East Side Community School,1052.2,525.2,527,0.404,0.734,370,0.084,8.4,0.916,0.13,0.192,0.522,0.124,0.714
2019,8,08X282,Women's Academy of Excellence,883.1,439.2,443.9,0.109,0.266,248,0.23,23,0.77,0.113,0.371,0.335,0.157,0.706
2019,24,24Q267,High School of Applied Communication,975.8,484.7,491.1,0.346,0.556,407,0.029,2.9,0.971,0.143,0.084,0.622,0.133,0.706
2019,30,30Q502,Information Technology High School,966.5,491.1,475.4,0.309,0.348,1011,0.099,9.9,0.901,0.208,0.111,0.595,0.073,0.706
2019,2,02M534,Harvest Collegiate High School,991.2,481.7,509.5,0.274,0.585,457,0.072,7.2,0.928,0.066,0.21,0.495,0.188,0.705
2019,28,28Q325,Hillside Arts & Letters Academy,903.4,445.8,457.6,0.135,0.351,447,0.081,8.1,0.919,0.201,0.412,0.293,0.025,0.705
2019,15,15K497,The Boerum Hill School for International Studies,913.8,450.2,463.6,0.118,0.412,286,0.087,8.7,0.913,0.056,0.406,0.29,0.182,0.696
2019,24,24Q236,International High School for Health Sciences,835.4,424.9,410.5,0.067,0.107,273,0.286,28.6,0.714,0.231,0.044,0.652,0.066,0.696
2019,2,02M399,The High School For Language And Diplomacy,925.7,468.7,457,0.226,0.333,302,0.123,12.3,0.877,0.242,0.232,0.464,0.033,0.696
2019,24,24Q485,Grover Cleveland High School,924.1,466.8,457.3,0.156,0.245,1715,0.089,8.9,0.911,0.1,0.058,0.635,0.183,0.693
2019,2,02M489,High School of Economics and Finance,1017.2,513.9,503.3,0.479,0.564,741,0.109,10.9,0.891,0.216,0.25,0.443,0.08,0.693
2019,31,31R445,Port Richmond High School,936.6,468.6,468,0.183,0.313,1564,0.104,10.4,0.896,0.077,0.233,0.455,0.214,0.688
2019,2,02M630,Art and Design High School,1022.3,502.1,520.2,0.355,0.688,1478,0.068,6.8,0.932,0.085,0.148,0.539,0.173,0.687
2019,2,02M420,High School for Health Professions and Human Servi,1041.4,530.3,511.1,0.518,0.654,1825,0.081,8.1,0.919,0.22,0.156,0.53,0.079,0.686
2019,30,30Q301,Academy for Careers in Television and Film,1042.4,517,525.4,0.41,0.633,562,0.034,3.4,0.966,0.071,0.117,0.559,0.187,0.676
2019,24,24Q455,Newtown High School,929.2,472.3,456.9,0.181,0.276,1805,0.109,10.9,0.891,0.254,0.08,0.596,0.048,0.676
2019,10,10X141,Riverdale / Kingsbridge Academy (Middle School / H,1042.9,514.7,528.2,0.425,0.631,728,0.084,8.4,0.916,0.076,0.102,0.573,0.242,0.675
2019,26,26Q566,"Queens High School of Teaching, Liberal Arts and t",968.7,481.3,487.4,0.255,0.502,1070,0.029,2.9,0.971,0.207,0.526,0.148,0.072,0.674
2019,30,30Q258,Energy Tech High School,1029.8,520.3,509.5,0.422,0.606,533,0.038,3.8,0.962,0.167,0.094,0.578,0.124,0.672
2019,24,24Q530,International High School at LaGuardia Community C,838.3,426,412.3,0.098,0.089,507,0.225,22.5,0.775,0.233,0.026,0.645,0.097,0.671
2019,21,21K410,Abraham Lincoln High School,937.7,475.1,462.6,0.233,0.336,1904,0.096,9.6,0.904,0.154,0.421,0.246,0.17,0.667
2019,24,24Q560,"Robert F. Wagner, Jr. Secondary School for Arts an",1025.9,517.7,508.2,0.487,0.63,491,0.041,4.1,0.959,0.187,0.051,0.613,0.141,0.664
2019,2,02M459,Manhattan International High School,888.3,446.8,441.5,0.129,0.237,313,0.233,23.3,0.767,0.144,0.15,0.508,0.195,0.658
2019,30,30Q555,Newcomers High School,868.9,459,409.9,0.194,0.135,828,0.221,22.1,0.779,0.279,0.01,0.639,0.058,0.649
2019,13,13K439,Brooklyn International High School,814.1,404.8,409.3,0.095,0.133,359,0.148,14.8,0.852,0.251,0.206,0.435,0.109,0.641
2019,2,02M422,Quest to Learn,968.2,472.5,495.7,0.217,0.41,378,0.114,11.4,0.886,0.119,0.204,0.431,0.209,0.635
2019,28,28Q328,High School for Community Leadership,976.6,491.2,485.4,0.365,0.487,464,0.097,9.7,0.903,0.231,0.353,0.28,0.045,0.633
2019,26,26Q315,Business Technology Early College High School,959.9,472.4,487.5,0.218,0.505,519,0.075,7.5,0.925,0.245,0.439,0.193,0.062,0.632
2019,26,26Q435,Martin Van Buren High School,937.4,467.6,469.8,0.195,0.355,1162,0.083,8.3,0.917,0.288,0.453,0.176,0.032,0.629
2019,25,25Q425,John Bowne High School,959.3,483.7,475.6,0.26,0.395,3522,0.069,6.9,0.931,0.296,0.19,0.435,0.055,0.625
2019,28,28Q167,Metropolitan Expeditionary Learning School,1015.3,502.1,513.2,0.38,0.657,454,0.044,4.4,0.956,0.161,0.183,0.441,0.152,0.624
2019,28,28Q284,York Early College Academy,1120.5,567.2,553.3,0.705,0.83,368,0.046,4.6,0.954,0.272,0.514,0.092,0.011,0.606
2019,27,27Q314,Epic High School - South,899.4,434.2,465.2,0.068,0.398,382,0.065,6.5,0.935,0.275,0.319,0.285,0.031,0.604
2019,28,28Q505,Hillcrest High School,939,464.2,474.8,0.181,0.403,3300,0.089,8.9,0.911,0.325,0.263,0.337,0.032,0.6
2019,3,03M417,Frank McCourt High School,1034.9,510.1,524.8,0.389,0.747,413,0.039,3.9,0.961,0.046,0.136,0.46,0.3,0.596
2019,11,11X509,High School of Language and Innovation,832.8,422.6,410.2,0.105,0.147,379,0.269,26.9,0.731,0.201,0.058,0.538,0.187,0.596
2019,28,28Q310,Queens Collegiate: A College Board School,927.3,465.3,462,0.248,0.339,416,0.063,6.3,0.937,0.303,0.399,0.192,0.014,0.591
2019,30,30Q445,William Cullen Bryant High School,945.6,474.4,471.2,0.222,0.356,2344,0.1,10,0.9,0.262,0.067,0.515,0.137,0.582
2019,27,27Q334,Epic High School - North,923.2,452.3,470.9,0.114,0.33,411,0.073,7.3,0.927,0.273,0.168,0.414,0.054,0.582
2019,27,27Q475,Richmond Hill High School,878.2,436.6,441.6,0.084,0.24,1576,0.073,7.3,0.927,0.315,0.123,0.456,0.041,0.579
2019,2,02M551,Urban Assembly New York Harbor School,976.7,479.4,497.3,0.287,0.553,533,0.068,6.8,0.932,0.075,0.173,0.405,0.266,0.578
2019,5,05M362,Columbia Secondary School,1289.9,649.8,640.1,0.89,0.95,421,0.043,4.3,0.957,0.102,0.181,0.397,0.264,0.578
2019,1,01M448,University Neighborhood High School,1013.1,510.5,502.6,0.404,0.556,483,0.18,18,0.82,0.369,0.195,0.383,0.046,0.578
2019,27,27Q480,John Adams High School,906.1,450.4,455.7,0.123,0.269,2366,0.115,11.5,0.885,0.361,0.245,0.322,0.027,0.567
2019,20,20K485,High School of Telecommunication Arts and Technolo,1031.6,524,507.6,0.478,0.594,1235,0.04,4,0.96,0.208,0.06,0.499,0.2,0.559
2019,24,24Q264,Academy of Finance and Enterprise,1060.6,539.6,521,0.547,0.669,649,0.059,5.9,0.941,0.251,0.045,0.51,0.153,0.555
2019,21,21K540,John Dewey High School,979.2,505.2,474,0.363,0.4,2203,0.09,9,0.91,0.308,0.314,0.229,0.128,0.543
2019,21,21K572,Expeditionary Learning School for Community Leader,991,492.5,498.5,0.28,0.561,378,0.101,10.1,0.899,0.156,0.177,0.36,0.265,0.537
2019,28,28Q896,"Young Women's Leadership School, Queens",1099.9,546.4,553.5,0.632,0.763,299,0.07,7,0.93,0.358,0.431,0.104,0.033,0.535
2019,21,21K468,Kingsborough Early College School,1045.7,518.4,527.3,0.424,0.741,379,0.016,1.6,0.984,0.071,0.235,0.288,0.385,0.523
2019,2,02M414,N.Y.C. Museum School,1156.9,582.9,574,0.821,0.926,449,0.045,4.5,0.955,0.245,0.136,0.376,0.223,0.512
2019,22,22K611,Origins High School,902.5,449.5,453,0.142,0.283,414,0.118,11.8,0.882,0.164,0.338,0.167,0.314,0.505
2019,25,25Q263,Flushing International High School,856.3,462.1,394.2,0.236,0.057,426,0.251,25.1,0.749,0.448,0.019,0.486,0.042,0.505
2019,28,28Q350,Jamaica Gateway to the Sciences,1047.5,530.2,517.3,0.556,0.611,494,0.109,10.9,0.891,0.381,0.344,0.16,0.026,0.504
2019,24,24Q610,Aviation Career & Technical Education High School,1088.8,560.3,528.5,0.685,0.747,2088,0.032,3.2,0.968,0.37,0.04,0.459,0.095,0.499
2019,24,24Q585,Maspeth High School,1101.7,557.5,544.2,0.671,0.839,1212,0.025,2.5,0.975,0.174,0.017,0.464,0.276,0.481
2019,25,25Q670,Robert F. Kennedy Community High School,995.1,506.4,488.7,0.362,0.503,702,0.038,3.8,0.962,0.355,0.128,0.349,0.14,0.477
2019,3,03M541,Manhattan / Hunter Science High School,1267.3,651.7,615.6,0.97,0.94,441,0.041,4.1,0.959,0.272,0.163,0.306,0.209,0.469
2019,30,30Q286,"Young Women's Leadership School, Astoria",1036.6,510.4,526.2,0.419,0.757,320,0.038,3.8,0.962,0.366,0.075,0.394,0.156,0.469
2019,30,30Q501,Frank Sinatra School of the Arts High School,1103.4,547.5,555.9,0.632,0.849,853,0.021,2.1,0.979,0.114,0.132,0.331,0.359,0.463
2019,31,31R080,The Michael J. Petrides School,1027.5,512.1,515.4,0.404,0.606,457,0.018,1.8,0.982,0.094,0.245,0.217,0.438,0.462
2019,28,28Q686,Queens Metropolitan High School,1033.5,516.8,516.7,0.451,0.702,1104,0.033,3.3,0.967,0.101,0.037,0.425,0.427,0.462
2019,27,27Q650,"High School for Construction Trades, Engineering a",1072.7,547.4,525.3,0.629,0.747,1066,0.019,1.9,0.981,0.308,0.09,0.365,0.119,0.455
2019,27,27Q308,Robert H. Goddard High School of Communication Art,982.5,490.8,491.7,0.304,0.481,629,0.038,3.8,0.962,0.262,0.075,0.377,0.238,0.452
2019,15,15K592,Khalil Gibran International Academy,856.8,432.1,424.7,0.136,0.258,226,0.119,11.9,0.881,0.177,0.358,0.08,0.314,0.438
2019,20,20K505,Franklin Delano Roosevelt High School,949,500,449,0.285,0.28,3214,0.131,13.1,0.869,0.383,0.099,0.338,0.171,0.437
2019,2,02M408,Professional Performing Arts High School,1098.1,540.3,557.8,0.56,0.78,435,0.048,4.8,0.952,0.076,0.225,0.209,0.432,0.434
2019,28,28Q440,Forest Hills High School,1073.6,545,528.6,0.522,0.634,3806,0.046,4.6,0.954,0.241,0.071,0.354,0.295,0.425
2019,26,26Q415,Benjamin N. Cardozo High School,1124.9,578.1,546.8,0.566,0.678,3609,0.037,3.7,0.963,0.422,0.215,0.208,0.136,0.423
2019,2,02M407,Institute for Collaborative Education,1175,567.8,607.2,0.672,0.836,277,0.065,6.5,0.935,0.061,0.217,0.202,0.487,0.419
2019,27,27Q323,Scholars' Academy,1226,617.9,608.1,0.86,0.93,691,0.013,1.3,0.987,0.145,0.207,0.208,0.427,0.415
2019,21,21K337,International High School at Lafayette,828.4,433.3,395.1,0.167,0.1,347,0.331,33.1,0.669,0.334,0.037,0.378,0.245,0.415
2019,21,21K525,Edward R. Murrow High School,1059.5,531.4,528.1,0.476,0.65,3693,0.095,9.5,0.905,0.249,0.218,0.193,0.3,0.411
2019,22,22K405,Midwood High School,1153.5,586.7,566.8,0.706,0.804,4156,0.075,7.5,0.925,0.351,0.283,0.127,0.214,0.41
2019,28,28Q620,Thomas A. Edison Career and Technical Education Hi,1103.4,564.5,538.9,0.652,0.739,2196,0.043,4.3,0.957,0.483,0.178,0.232,0.041,0.41
2019,25,25Q285,World Journalism Preparatory: A College Board Scho,1072.6,526.9,545.7,0.417,0.792,325,0.049,4.9,0.951,0.138,0.049,0.36,0.422,0.409
2019,25,25Q252,"Queens School of Inquiry, The",1074.9,544,530.9,0.5,0.769,335,0.012,1.2,0.988,0.352,0.17,0.239,0.188,0.409
2019,30,30Q575,Academy of American Studies,1134.4,571.3,563.1,0.699,0.796,1007,0.019,1.9,0.981,0.256,0.044,0.352,0.346,0.396
2019,26,26Q495,Bayside High School,1085.6,556.2,529.4,0.582,0.676,2850,0.059,5.9,0.941,0.379,0.131,0.25,0.198,0.381
2019,2,02M413,School of the Future High School,1107.2,548.9,558.3,0.606,0.872,445,0.067,6.7,0.933,0.182,0.11,0.267,0.351,0.377
2019,31,31R460,Susan E. Wagner High School,1045.4,521.4,524,0.424,0.581,3383,0.04,4,0.96,0.151,0.103,0.272,0.461,0.375
2019,28,28Q680,Queens Gateway to Health Sciences Secondary School,1192.7,600.4,592.3,0.823,0.885,426,0.028,2.8,0.972,0.451,0.265,0.11,0.052,0.375
2019,31,31R440,New Dorp High School,1006.2,497.9,508.3,0.336,0.542,3051,0.051,5.1,0.949,0.095,0.102,0.271,0.519,0.373
2019,2,02M376,NYC iSchool,1159.7,578.4,581.3,0.56,0.642,466,0.047,4.7,0.953,0.084,0.148,0.223,0.487,0.371
2019,15,15K684,Millennium Brooklyn HS,1197.7,602.1,595.6,0.881,0.906,675,0.016,1.6,0.984,0.127,0.166,0.197,0.444,0.363
2019,20,20K490,Fort Hamilton High School,1068.8,547.3,521.5,0.482,0.583,4559,0.069,6.9,0.931,0.279,0.032,0.314,0.356,0.346
2019,25,25Q241,Queens High School for Language Studies,1048.4,570.2,478.2,0.65,0.437,424,0.052,5.2,0.948,0.594,0.064,0.281,0.031,0.345
2019,3,03M479,Beacon High School,1267.9,626,641.9,0.725,0.784,1423,0.02,2,0.98,0.09,0.143,0.197,0.467,0.34
2019,20,20K445,New Utrecht High School,1012.8,529.3,483.5,0.424,0.45,3427,0.085,8.5,0.915,0.407,0.029,0.302,0.254,0.331
2019,25,25Q281,East-West School of International Studies,1092.8,564.9,527.9,0.616,0.658,352,0.026,2.6,0.974,0.588,0.105,0.224,0.065,0.329
2019,21,21K344,Rachel Carson High School for Coastal Studies,946.5,482.3,464.2,0.293,0.338,623,0.061,6.1,0.939,0.18,0.136,0.189,0.474,0.325
2019,22,22K425,James Madison High School,1019.6,520.8,498.8,0.422,0.525,3797,0.067,6.7,0.933,0.203,0.152,0.17,0.467,0.322
2019,21,21K690,Brooklyn Studio Secondary School,973.6,484.3,489.3,0.301,0.457,591,0.046,4.6,0.954,0.218,0.041,0.277,0.443,0.318
2019,31,31R064,Gaynor McCown Expeditionary Learning School,1001.8,496.6,505.2,0.303,0.64,434,0.018,1.8,0.982,0.021,0.09,0.221,0.597,0.311
2019,1,01M539,"New Explorations into Science, Technology and Math",1325.6,679.4,646.2,0.921,0.964,615,0.02,2,0.98,0.268,0.124,0.187,0.39,0.311
2019,20,20K609,Urban Assembly School for Criminal Justice,1026.1,518.6,507.5,0.418,0.657,327,0.064,6.4,0.936,0.52,0.141,0.159,0.165,0.3
2019,24,24Q299,Bard High School Early College Queens,1362,695.1,666.9,0.972,0.972,643,0.016,1.6,0.984,0.361,0.103,0.188,0.33,0.291
2019,1,01M696,Bard High School Early College,1338.9,669.1,669.8,0.94,0.953,615,0.026,2.6,0.974,0.293,0.111,0.171,0.398,0.282
2019,3,03M485,Fiorello H. LaGuardia High School of Music & Art a,1279.2,642.4,636.8,0.877,0.937,2760,0.014,1.4,0.986,0.195,0.099,0.179,0.455,0.278
2019,26,26Q430,Francis Lewis High School,1149,597.7,551.3,0.68,0.728,4492,0.05,5,0.95,0.567,0.061,0.215,0.149,0.276
2019,31,31R047,CSI High School for International Studies,1130.7,564.3,566.4,0.571,0.838,496,0.014,1.4,0.986,0.167,0.073,0.198,0.54,0.271
2019,30,30Q580,Baccalaureate School for Global Education,1349.1,684.9,664.2,0.945,0.964,412,0.012,1.2,0.988,0.444,0.051,0.218,0.255,0.269
2019,3,03M859,Special Music School,1091.1,543.2,547.9,0.5,0.714,181,0.05,5,0.95,0.094,0.105,0.155,0.475,0.26
2019,5,05M692,"High School for Mathematics, Science and Engineeri",1416.3,738.4,677.9,,,491,0.035,3.5,0.965,0.297,0.086,0.167,0.301,0.253
2019,14,14K449,"Brooklyn Latin School, The",1361.3,696.7,664.6,0.994,0.994,698,0.044,4.4,0.956,0.547,0.122,0.12,0.13,0.242
2019,2,02M260,The Clinton School,1189.4,581.5,607.9,0.701,0.885,433,0.009,0.9,0.991,0.111,0.055,0.143,0.628,0.198
2019,25,25Q525,Townsend Harris High School,1414.1,727.1,687,0.983,0.983,1182,0.011,1.1,0.989,0.558,0.052,0.124,0.193,0.176
2019,2,02M411,Baruch College Campus High School,1245.2,636.2,609,0.768,0.83,475,0.059,5.9,0.941,0.354,0.036,0.137,0.432,0.173
2019,2,02M412,N.Y.C. Lab School for Collaborative Studies,1206.8,607.1,599.7,0.73,0.783,471,0.025,2.5,0.975,0.191,0.036,0.123,0.575,0.159
2019,22,22K535,Leon M. Goldstein High School for the Sciences,1277.7,658.1,619.6,0.89,0.907,1057,0.017,1.7,0.983,0.287,0.068,0.089,0.544,0.157
2019,2,02M418,Millennium High School,1293.5,667.8,625.7,0.936,0.943,681,0.056,5.6,0.944,0.47,0.038,0.11,0.32,0.148
2019,10,10X696,High School of American Studies at Lehman College,1426.2,715.5,710.7,0.86,0.86,411,0.019,1.9,0.981,0.219,0.039,0.105,0.586,0.144
2019,31,31R455,Tottenville High School,1087.8,544.9,542.9,0.507,0.69,3654,0.026,2.6,0.974,0.054,0.016,0.116,0.804,0.132
2019,13,13K430,Brooklyn Technical High School,1403.1,732,671.1,0.972,0.973,5937,0.033,3.3,0.967,0.607,0.058,0.071,0.245,0.129
2019,2,02M416,Eleanor Roosevelt High School,1369.4,697,672.4,0.914,0.938,530,0.009,0.9,0.991,0.158,0.026,0.1,0.675,0.126
2019,10,10X445,The Bronx High School of Science,1456.8,756.7,700.1,0.938,0.937,3016,0.015,1.5,0.985,0.648,0.027,0.071,0.222,0.098
2019,28,28Q687,Queens High School for the Sciences at York Colleg,1451.5,758.7,692.8,,,475,0.021,2.1,0.979,0.819,0.032,0.04,0.061,0.072
2019,2,02M545,High School for Dual Language and Asian Studies,1226.5,657.2,569.3,0.955,0.864,402,0.162,16.2,0.838,0.91,0.022,0.035,0.022,0.057
2019,2,02M475,Stuyvesant High School,1500.7,775.9,724.8,0.963,0.963,3316,0.02,2,0.98,0.732,0.009,0.03,0.188,0.039
2019,31,31R605,Staten Island Technical High School,1446.9,747.5,699.4,0.988,0.988,1331,0.011,1.1,0.989,0.509,0.007,0.026,0.452,0.033