year,district,DBN,school_name,average_score_SAT_math,average_score_SAT_reading,students_SAT_math_college_ready,students_SAT_reading_college_ready,enrollment,avg_grade_8_english_proficiency,avg_grade_8_math_proficiency,ELL,disability,self_contained,economic_need_index,temp_housing,HRA_eligible,asian,black,hispanic,white,student_attendance_rate,chronically_absent
2019,1,01M292,Orchard Collegiate Academy,448.4,438,0.107,0.179,197,2.7,2.33,0.117,0.289,0.005,0.87,0.183,0.782,0.096,0.269,0.569,0.03,0.917,0.289
2019,1,01M448,University Neighborhood High School,510.5,502.6,0.404,0.556,483,2.97,2.99,0.147,0.17,,0.83,0.18,0.723,0.369,0.195,0.383,0.046,0.909,0.274
2019,1,01M450,East Side Community School,525.2,527,0.404,0.734,370,3.07,3.06,0.016,0.246,,0.68,0.084,0.541,0.13,0.192,0.522,0.124,0.938,0.146
2019,1,01M509,Marta Valle High School,467.3,472,0.194,0.472,127,2.79,2.36,0.063,0.276,0.047,0.81,0.134,0.74,0.071,0.37,0.512,0.024,0.796,0.628
2019,1,01M539,"New Explorations into Science, Technology and Math",679.4,646.2,0.921,0.964,615,3.7,3.9,0.003,0.143,0.002,0.4,0.02,0.285,0.268,0.124,0.187,0.39,0.952,0.096
2019,1,01M696,Bard High School Early College,669.1,669.8,0.94,0.953,615,3.88,4.1,0.002,0.076,,0.4,0.026,0.293,0.293,0.111,0.171,0.398,0.948,0.114
2019,2,02M047,47 The American Sign Language and English Secondar,473.2,485.3,0.15,0.475,196,2.93,2.69,0.046,0.27,0.01,0.77,0.163,0.673,0.031,0.276,0.643,0.046,0.9,0.352
2019,2,02M135,The Urban Assembly School for Emergency Management,471.3,467.7,0.197,0.377,265,2.85,2.49,0.034,0.223,0.004,0.81,0.158,0.702,0.06,0.283,0.6,0.034,0.86,0.465
2019,2,02M139,Stephen T. Mather Building Arts & Craftsmanship Hi,439.2,446.2,0.138,0.325,401,2.74,2.59,0.072,0.257,,0.83,0.117,0.721,0.042,0.264,0.631,0.042,0.849,0.527
2019,2,02M260,The Clinton School,581.5,607.9,0.701,0.885,433,3.68,3.62,0.005,0.18,,0.25,0.009,0.152,0.111,0.055,0.143,0.628,0.946,0.149
2019,2,02M280,Manhattan Early College School for Advertising,486.8,496,0.238,0.513,416,2.98,2.8,0.038,0.183,,0.72,0.115,0.603,0.099,0.361,0.45,0.053,0.892,0.327
2019,2,02M282,Urban Assembly Maker Academy,495.1,501.3,0.299,0.532,390,2.94,2.81,0.038,0.19,0.003,0.72,0.087,0.608,0.082,0.269,0.497,0.108,0.889,0.329
2019,2,02M288,Food and Finance High School,422.9,441.2,0.11,0.256,375,2.81,2.62,0.032,0.197,0.003,0.78,0.104,0.683,0.059,0.36,0.539,0.029,0.88,0.395
2019,2,02M294,Essex Street Academy,438.2,461.2,0.057,0.357,339,2.97,2.65,0.035,0.271,,0.69,0.088,0.563,0.062,0.345,0.428,0.106,0.886,0.347
2019,2,02M296,High School of Hospitality Management,434,441.4,0.08,0.26,380,2.67,2.35,0.092,0.261,0.008,0.87,0.158,0.789,0.05,0.276,0.645,0.018,0.841,0.421
2019,2,02M298,Pace High School,483.6,502,0.299,0.567,572,2.98,2.8,0.03,0.184,,0.75,0.087,0.631,0.045,0.33,0.54,0.04,0.869,0.445
2019,2,02M300,"Urban Assembly School of Design and Construction,",466.9,447.2,0.202,0.214,302,2.65,2.56,0.116,0.258,0.007,0.86,0.172,0.768,0.056,0.225,0.682,0.026,0.813,0.482
2019,2,02M303,"Facing History School, The",420,433,0.061,0.232,372,2.62,2.37,0.11,0.245,,0.86,0.172,0.766,0.011,0.255,0.699,0.022,0.8,0.566
2019,2,02M305,"Urban Assembly Academy of Government and Law, The",450.2,457.2,0.098,0.311,324,2.84,2.54,0.04,0.207,0.006,0.85,0.17,0.769,0.059,0.34,0.565,0.031,0.852,0.464
2019,2,02M308,Lower Manhattan Arts Academy,449.4,460.6,0.123,0.415,290,2.7,2.34,0.069,0.366,0.021,0.82,0.145,0.693,0.086,0.286,0.583,0.028,0.868,0.438
2019,2,02M316,"Urban Assembly School of Business for Young Women,",457.4,479.5,0.128,0.362,179,2.93,2.56,0.073,0.168,,0.84,0.128,0.76,0.056,0.492,0.374,0.034,0.811,0.513
2019,2,02M374,Gramercy Arts High School,482.1,500.9,0.239,0.606,468,3.11,2.82,0.021,0.171,0.006,0.76,0.098,0.652,0.045,0.327,0.519,0.064,0.838,0.496
2019,2,02M376,NYC iSchool,578.4,581.3,0.56,0.642,466,3.67,3.7,0.011,0.165,0.004,0.34,0.047,0.212,0.084,0.148,0.223,0.487,0.947,0.114
2019,2,02M392,Manhattan Business Academy,479.5,486.6,0.217,0.511,414,2.87,2.66,0.063,0.21,0.002,0.81,0.147,0.71,0.063,0.225,0.65,0.046,0.848,0.454
2019,2,02M393,Business Of Sports School,454.8,449.8,0.066,0.253,429,2.59,2.37,0.082,0.242,0.002,0.8,0.152,0.688,0.012,0.329,0.611,0.03,0.847,0.513
2019,2,02M399,The High School For Language And Diplomacy,468.7,457,0.226,0.333,302,2.85,2.79,0.109,0.175,0.01,0.83,0.123,0.725,0.242,0.232,0.464,0.033,0.83,0.472
2019,2,02M400,High School for Environmental Studies,509.4,502.5,0.361,0.496,1146,2.98,2.91,0.087,0.189,0.02,0.79,0.111,0.681,0.111,0.161,0.649,0.065,0.861,0.35
2019,2,02M407,Institute for Collaborative Education,567.8,607.2,0.672,0.836,277,2.92,2.77,0.007,0.191,,0.39,0.065,0.253,0.061,0.217,0.202,0.487,0.916,0.176
2019,2,02M408,Professional Performing Arts High School,540.3,557.8,0.56,0.78,435,3.47,3.42,0.002,0.145,,0.4,0.048,0.239,0.076,0.225,0.209,0.432,0.933,0.183
2019,2,02M411,Baruch College Campus High School,636.2,609,0.768,0.83,475,3.74,3.91,0.011,0.118,0.002,0.4,0.059,0.312,0.354,0.036,0.137,0.432,0.96,0.082
2019,2,02M412,N.Y.C. Lab School for Collaborative Studies,607.1,599.7,0.73,0.783,471,3.74,3.85,0.006,0.206,,0.3,0.025,0.206,0.191,0.036,0.123,0.575,0.938,0.16
2019,2,02M413,School of the Future High School,548.9,558.3,0.606,0.872,445,3.37,3.39,0.002,0.196,,0.43,0.067,0.315,0.182,0.11,0.267,0.351,0.945,0.143
2019,2,02M414,N.Y.C. Museum School,582.9,574,0.821,0.926,449,3.63,3.69,0.009,0.203,0.002,0.56,0.045,0.441,0.245,0.136,0.376,0.223,0.929,0.206
2019,2,02M416,Eleanor Roosevelt High School,697,672.4,0.914,0.938,530,4.02,4.18,,0.155,,0.2,0.009,0.13,0.158,0.026,0.1,0.675,0.968,0.055
2019,2,02M418,Millennium High School,667.8,625.7,0.936,0.943,681,3.8,3.96,0.007,0.125,,0.48,0.056,0.389,0.47,0.038,0.11,0.32,0.97,0.061
2019,2,02M419,Landmark High School,421.7,442.5,0.041,0.194,330,2.67,2.35,0.055,0.224,,0.83,0.136,0.721,0.03,0.339,0.591,0.024,0.799,0.607
2019,2,02M420,High School for Health Professions and Human Servi,530.3,511.1,0.518,0.654,1825,3.17,3.19,0.042,0.13,0.002,0.75,0.081,0.65,0.22,0.156,0.53,0.079,0.92,0.218
2019,2,02M422,Quest to Learn,472.5,495.7,0.217,0.41,378,2.84,2.58,0.037,0.28,0.003,0.65,0.114,0.553,0.119,0.204,0.431,0.209,0.864,0.423
2019,2,02M425,Leadership and Public Service High School,456.6,470.7,0.18,0.46,473,2.83,2.61,0.049,0.201,,0.83,0.123,0.746,0.085,0.268,0.59,0.036,0.832,0.501
2019,2,02M427,Manhattan Academy For Arts & Language,402.9,407.1,0.041,0.149,233,2.01,2.08,0.674,0.124,0.013,0.96,0.433,0.777,0.009,0.021,0.948,0.021,0.865,0.438
2019,2,02M432,Murray Hill Academy,440.4,445.4,0.057,0.186,304,2.65,2.41,0.039,0.25,0.003,0.82,0.151,0.724,0.059,0.306,0.53,0.066,0.804,0.55
2019,2,02M437,Hudson High School of Learning Technologies,451.4,463.9,0.131,0.374,476,2.74,2.51,0.088,0.256,0.004,0.83,0.137,0.725,0.061,0.252,0.628,0.034,0.822,0.552
2019,2,02M438,International High School at Union Square,428.7,400.3,0.075,0.075,356,1.93,2.16,0.862,0.034,,0.97,0.402,0.716,0.157,0.202,0.534,0.098,0.89,0.332
2019,2,02M439,Manhattan Village Academy,565.3,553.3,0.689,0.849,452,3.35,3.32,0.02,0.157,,0.68,0.049,0.527,0.084,0.159,0.666,0.086,0.981,0.022
2019,2,02M449,Vanguard High School,453.2,468.8,0.163,0.306,427,2.78,2.5,0.03,0.246,0.005,0.76,0.089,0.651,0.059,0.246,0.593,0.068,0.87,0.423
2019,2,02M459,Manhattan International High School,446.8,441.5,0.129,0.237,313,1.98,2.19,0.716,0.022,0.003,0.93,0.233,0.636,0.144,0.15,0.508,0.195,0.877,0.401
2019,2,02M475,Stuyvesant High School,775.9,724.8,0.963,0.963,3316,4.2,4.39,,0.005,,0.4,0.02,0.288,0.732,0.009,0.03,0.188,0.968,0.058
2019,2,02M489,High School of Economics and Finance,513.9,503.3,0.479,0.564,741,2.9,2.89,0.059,0.193,0.009,0.77,0.109,0.657,0.216,0.25,0.443,0.08,0.898,0.233
2019,2,02M500,Unity Center for Urban Technologies,418.2,441.8,0.065,0.339,278,2.73,2.53,0.068,0.237,0.004,0.88,0.18,0.795,0.083,0.259,0.612,0.04,0.804,0.55
2019,2,02M507,Urban Assembly Gateway School for Technology,513.1,501.8,0.441,0.559,456,3.01,2.93,0.035,0.224,,0.67,0.092,0.513,0.064,0.309,0.546,0.066,0.922,0.24
2019,2,02M519,Talent Unlimited High School,512.6,538.4,0.455,0.758,518,3.29,3.09,0.01,0.141,0.002,0.53,0.052,0.4,0.039,0.305,0.446,0.137,0.909,0.275
2019,2,02M520,Murry Bergtraum High School for Business Careers,433,432.2,0.111,0.175,182,2.67,2.37,0.06,0.236,0.005,0.81,0.11,0.709,0.044,0.511,0.412,0.016,0.782,0.56
2019,2,02M529,Jacqueline Kennedy Onassis High School,458.6,461.5,0.153,0.293,443,2.68,2.42,0.09,0.201,0.023,0.79,0.131,0.695,0.061,0.242,0.652,0.034,0.785,0.64
2019,2,02M531,Repertory Company High School for Theatre Arts,485.3,516.3,0.288,0.695,237,3.33,3.13,0.004,0.169,,0.56,0.051,0.418,0.008,0.325,0.46,0.181,0.91,0.311
2019,2,02M533,Union Square Academy for Health Sciences,472.3,474.9,0.191,0.415,414,2.82,2.69,0.075,0.152,0.002,0.83,0.104,0.742,0.114,0.205,0.611,0.065,0.878,0.391
2019,2,02M534,Harvest Collegiate High School,481.7,509.5,0.274,0.585,457,3.06,2.8,0.024,0.252,0.009,0.64,0.072,0.514,0.066,0.21,0.495,0.188,0.861,0.382
2019,2,02M542,Manhattan Bridges High School,480.9,444.6,0.245,0.302,532,2.43,2.67,0.464,0.073,0.006,0.91,0.28,0.776,0.002,0.004,0.989,0.002,0.906,0.294
2019,2,02M543,New Design High School,430,449,0.035,0.256,426,2.66,2.36,0.054,0.263,0.012,0.83,0.129,0.732,0.049,0.345,0.577,0.014,0.827,0.532
2019,2,02M545,High School for Dual Language and Asian Studies,657.2,569.3,0.955,0.864,402,3.27,4,0.134,0.032,,0.78,0.162,0.677,0.91,0.022,0.035,0.022,0.985,0.015
2019,2,02M546,Academy for Software Engineering,522,527,0.472,0.698,459,3.01,2.97,0.041,0.259,0.002,0.68,0.063,0.549,0.102,0.207,0.566,0.109,0.893,0.291
2019,2,02M551,Urban Assembly New York Harbor School,479.4,497.3,0.287,0.553,533,3.04,2.87,0.021,0.229,0.002,0.54,0.068,0.428,0.075,0.173,0.405,0.266,0.891,0.31
2019,2,02M580,Richard R. Green High School of Teaching,462.4,473.4,0.157,0.383,429,2.87,2.61,0.042,0.189,,0.78,0.119,0.655,0.063,0.289,0.599,0.033,0.906,0.227
2019,2,02M600,The High School of Fashion Industries,466.6,493,0.195,0.545,1577,3.05,2.77,0.032,0.162,0.04,0.76,0.107,0.649,0.055,0.313,0.57,0.052,0.901,0.314
2019,2,02M605,Humanities Preparatory Academy,478.8,498.8,0.273,0.561,245,3.05,2.79,0.033,0.204,,0.74,0.2,0.567,0.061,0.216,0.62,0.073,0.836,0.421
2019,2,02M615,Chelsea Career and Technical Education High School,480.5,476.9,0.216,0.412,451,2.91,2.8,0.04,0.195,0.004,0.79,0.102,0.701,0.135,0.215,0.616,0.027,0.852,0.459
2019,2,02M630,Art and Design High School,502.1,520.2,0.355,0.688,1478,3.35,3.15,0.008,0.212,0.013,0.57,0.068,0.444,0.085,0.148,0.539,0.173,0.894,0.295
2019,2,02M655,Life Sciences Secondary School,437.8,458.8,0.103,0.309,425,2.69,2.43,0.104,0.219,0.026,0.86,0.16,0.76,0.073,0.256,0.624,0.038,0.775,0.626
2019,3,03M291,West End Secondary School,,,,,118,3.5,3.42,,0.195,,0.19,0.034,0.11,0.034,0.085,0.195,0.669,0.956,0.085
2019,3,03M299,The Maxine Greene HS for Imaginative Inquiry,424.8,445.2,0.054,0.252,341,2.72,2.42,0.129,0.252,0.029,0.85,0.182,0.757,0.029,0.37,0.531,0.041,0.811,0.571
2019,3,03M307,"Urban Assembly School for Media Studies, The",446.5,449.3,0.102,0.259,407,2.79,2.52,0.054,0.155,,0.85,0.133,0.757,0.025,0.322,0.607,0.02,0.849,0.513
2019,3,03M402,The Urban Assembly School for Green Careers,415,436.3,0.084,0.229,304,2.71,2.44,0.151,0.234,0.007,0.83,0.171,0.734,0.023,0.28,0.589,0.086,0.816,0.558
2019,3,03M403,The Global Learning Collaborative,444.1,450.2,0.091,0.283,414,2.76,2.58,0.123,0.203,0.014,0.85,0.143,0.758,0.019,0.256,0.662,0.051,0.857,0.392
2019,3,03M415,Wadleigh Secondary School for the Performing & Vis,431.1,432.9,0.022,0.222,227,2.82,2.45,0.022,0.211,,0.87,0.185,0.78,0.004,0.537,0.401,0.018,0.867,0.444
2019,3,03M417,Frank McCourt High School,510.1,524.8,0.389,0.747,413,3.25,3.23,0.029,0.213,0.007,0.49,0.039,0.361,0.046,0.136,0.46,0.3,0.914,0.231
2019,3,03M479,Beacon High School,626,641.9,0.725,0.784,1423,3.91,3.98,0.001,0.114,0.013,0.3,0.02,0.189,0.09,0.143,0.197,0.467,0.968,0.054
2019,3,03M485,Fiorello H. LaGuardia High School of Music & Art a,642.4,636.8,0.877,0.937,2760,3.93,4.01,0.002,0.037,,0.3,0.014,0.192,0.195,0.099,0.179,0.455,0.949,0.106
2019,3,03M492,"High School for Law, Advocacy and Community Justic",451.8,472,0.11,0.422,429,2.87,2.57,0.065,0.17,,0.83,0.17,0.734,0.047,0.336,0.573,0.026,0.855,0.42
2019,3,03M494,High School of Arts and Technology,418.1,436,0.051,0.22,492,2.66,2.45,0.087,0.252,0.026,0.85,0.167,0.748,0.063,0.319,0.553,0.039,0.811,0.519
2019,3,03M541,Manhattan / Hunter Science High School,651.7,615.6,0.97,0.94,441,3.84,3.98,,0.138,,0.54,0.041,0.408,0.272,0.163,0.306,0.209,0.974,0.05
2019,3,03M859,Special Music School,543.2,547.9,0.5,0.714,181,3.62,3.51,0.006,0.144,0.006,0.36,0.05,0.182,0.094,0.105,0.155,0.475,0.931,0.222
2019,3,03M860,Frederick Douglass Academy II Secondary School,436.6,441.2,0.041,0.189,290,2.51,2.27,0.107,0.255,0.003,0.88,0.186,0.779,0.021,0.624,0.328,0.017,0.819,0.495
2019,4,04M372,Esperanza Preparatory Academy,420.8,433.8,0.043,0.247,354,2.52,2.32,0.336,0.192,0.085,0.94,0.215,0.847,0.003,0.09,0.893,0.014,0.877,0.413
2019,4,04M435,Manhattan Center for Science and Mathematics,601,569.5,0.772,0.79,1650,3.45,3.58,0.068,0.141,0.004,0.76,0.093,0.628,0.201,0.193,0.533,0.058,0.938,0.163
2019,4,04M495,Park East High School,481.6,483.1,0.211,0.541,389,3.03,2.97,0.041,0.18,,0.78,0.093,0.645,0.067,0.254,0.617,0.026,0.943,0.128
2019,4,04M555,Central Park East High School,554.1,538.5,0.637,0.779,508,3.47,3.53,0.018,0.157,0.002,0.74,0.073,0.61,0.177,0.258,0.494,0.045,0.969,0.067
2019,4,04M610,Young Women's Leadership School,520.1,519.2,0.425,0.616,314,3.28,3.18,0.016,0.178,,0.78,0.054,0.653,0.086,0.239,0.589,0.038,0.938,0.204
2019,4,04M680,"Heritage School, The",446.8,461,0.127,0.352,313,2.6,2.32,0.07,0.22,,0.88,0.163,0.802,0.042,0.265,0.649,0.032,0.886,0.297
2019,5,05M148,Eagle Academy for Young Men of Harlem,,,,,191,2.6,2.24,0.026,0.262,0.042,0.78,0.094,0.66,,0.733,0.22,0.01,0.825,0.588
2019,5,05M157,The Urban Assembly School for Global Commerce,429.4,448.8,0.022,0.239,250,2.57,2.27,0.1,0.276,0.036,0.92,0.144,0.84,0.012,0.492,0.456,0.028,0.766,0.659
2019,5,05M304,Mott Hall High School,441.5,444.1,0.117,0.26,288,2.51,2.27,0.201,0.319,0.021,0.91,0.24,0.826,0.042,0.344,0.569,0.028,0.845,0.389
2019,5,05M362,Columbia Secondary School,649.8,640.1,0.89,0.95,421,3.77,4,0.005,0.133,0.002,0.51,0.043,0.352,0.102,0.181,0.397,0.264,0.924,0.238
2019,5,05M369,Urban Assembly School for the Performing Arts,429.4,444.3,0.053,0.213,387,2.65,2.31,0.075,0.243,0.047,0.87,0.158,0.783,0.008,0.478,0.475,0.008,0.827,0.521
2019,5,05M499,Frederick Douglass Academy,491.6,491.9,0.31,0.552,981,2.88,2.68,0.047,0.16,0.006,0.78,0.129,0.664,0.015,0.69,0.261,0.021,0.891,0.329
2019,5,05M670,Thurgood Marshall Academy for Learning and Social,471.1,491.7,0.198,0.481,386,2.83,2.47,0.039,0.215,0.018,0.77,0.127,0.619,0.018,0.663,0.293,0.008,0.911,0.252
2019,5,05M692,"High School for Mathematics, Science and Engineeri",738.4,677.9,,,491,3.99,4.27,0.002,0.055,,0.4,0.035,0.269,0.297,0.086,0.167,0.301,0.952,0.122
2019,6,06M211,Inwood Early College for Health and Information Te,451.3,445.5,0.155,0.299,414,2.79,2.69,0.116,0.256,0.002,0.82,0.123,0.71,0.005,0.118,0.843,0.014,0.822,0.534
2019,6,06M293,City College Academy of the Arts,555.3,540.1,0.622,0.824,346,3.37,3.45,0.029,0.142,,0.78,0.084,0.671,0.017,0.049,0.89,0.035,0.936,0.185
2019,6,06M346,Community Health Academy of the Heights,463.9,474.1,0.186,0.392,435,2.83,2.55,0.179,0.166,0.002,0.91,0.163,0.802,0.009,0.057,0.915,0.016,0.817,0.511
2019,6,06M348,Washington Heights Expeditionary Learning School,482.8,482.7,0.292,0.483,381,2.9,2.88,0.094,0.189,0.013,0.86,0.147,0.761,0.005,0.045,0.942,0.003,0.892,0.307
2019,6,06M462,The College Academy,415.5,407.7,0.06,0.1,427,2.31,2.18,0.522,0.18,0.026,0.93,0.302,0.81,0.002,0.066,0.899,0.021,0.821,0.518
2019,6,06M463,High School for Media and Communications,399.9,396.5,0.056,0.079,396,2.46,2.14,0.497,0.177,0.003,0.93,0.331,0.818,0.008,0.093,0.876,0.013,0.899,0.221
2019,6,06M467,High School for Law and Public Service,429.2,436.2,0.043,0.171,481,2.51,2.3,0.389,0.258,0.108,0.92,0.27,0.823,0.006,0.139,0.832,0.021,0.799,0.607
2019,6,06M468,High School for Health Careers and Sciences,427.5,415.2,0.099,0.173,423,2.48,2.26,0.411,0.184,0.007,0.92,0.246,0.811,0.019,0.149,0.811,0.012,0.887,0.285
2019,6,06M540,A. Philip Randolph Campus High School,479.4,484.9,0.262,0.485,1503,2.85,2.66,0.142,0.156,0.019,0.86,0.152,0.77,0.055,0.277,0.633,0.023,0.857,0.417
2019,6,06M552,Gregorio Luperon High School for Science and Mathe,417.4,405.4,0.049,0.097,521,2,2.13,0.781,0.023,0.004,0.99,0.418,0.781,,,1,,0.915,0.222
2019,7,07X221,South Bronx Preparatory: A College Board School,437,436.8,0.101,0.247,389,2.81,2.56,0.054,0.239,,0.92,0.111,0.825,0.018,0.257,0.704,0.015,0.923,0.204
2019,7,07X223,The Laboratory School of Finance and Technology: X,497.6,491.4,0.365,0.506,368,3.08,3.24,0.063,0.182,,0.9,0.109,0.818,0.008,0.185,0.802,0.003,0.903,0.299
2019,7,07X259,"H.E.R.O. High (Health, Education, and Research Occ",420.9,433.3,0.064,0.245,530,2.71,2.45,0.1,0.208,0.008,0.87,0.192,0.768,0.015,0.389,0.572,0.008,0.851,0.413
2019,7,07X334,International Community High School,396.8,391.6,0.025,0.05,425,1.79,1.82,0.814,0.08,0.007,0.98,0.313,0.765,0.04,0.162,0.753,0.024,0.891,0.31
2019,7,07X427,Community School for Social Justice,411.9,430.4,0.042,0.197,327,2.42,2.13,0.205,0.257,0.018,0.92,0.205,0.85,,0.229,0.746,0.006,0.812,0.549
2019,7,07X473,Mott Haven Village Preparatory High School,416.9,419.8,0.013,0.152,315,2.41,2.06,0.2,0.317,0.013,0.93,0.162,0.857,0.013,0.251,0.698,0.013,0.767,0.603
2019,7,07X495,University Heights Secondary School,477.6,508.9,0.257,0.629,519,3.35,3.31,0.025,0.185,0.002,0.81,0.073,0.699,0.052,0.256,0.636,0.019,0.937,0.183
2019,7,07X500,Hostos-Lincoln Academy of Science,511.9,515.8,0.43,0.527,369,3.11,2.85,0.03,0.201,0.005,0.86,0.1,0.745,0.03,0.228,0.713,0.022,0.918,0.263
2019,7,07X522,Bronx Design and Construction Academy,430.3,415.1,0.061,0.092,452,2.52,2.35,0.168,0.294,0.053,0.88,0.201,0.774,0.002,0.277,0.681,0.018,0.807,0.494
2019,7,07X527,Bronx Leadership Academy II High School,451.3,434,0.136,0.197,511,2.53,2.29,0.131,0.278,0.033,0.92,0.184,0.851,0.008,0.266,0.706,0.012,0.853,0.486
2019,7,07X548,Careers in Sports High School,432.4,436,0.029,0.161,528,2.56,2.43,0.174,0.25,0.006,0.89,0.205,0.782,0.004,0.292,0.68,0.021,0.822,0.522
2019,7,07X551,The Urban Assembly Bronx Academy of Letters,415.4,433.2,0.075,0.225,336,2.51,2.09,0.119,0.28,0.086,0.93,0.143,0.845,0.012,0.295,0.664,0.027,0.807,0.622
2019,7,07X600,Alfred E. Smith Career and Technical Education Hig,414.7,422.4,0.039,0.165,455,2.42,2.21,0.193,0.279,0.04,0.89,0.182,0.804,0.004,0.215,0.754,0.015,0.863,0.497
2019,7,07X670,Health Opportunities High School,434.2,442.8,0.066,0.222,497,2.55,2.26,0.137,0.223,0.006,0.91,0.213,0.819,0.008,0.374,0.586,0.008,0.822,0.529
2019,8,08X269,Bronx Studio School for Writers and Artists,449.9,466.9,0.111,0.333,351,2.69,2.28,0.1,0.248,0.006,0.91,0.16,0.835,0.009,0.231,0.744,0.014,0.853,0.471
2019,8,08X282,Women's Academy of Excellence,439.2,443.9,0.109,0.266,248,2.48,2.17,0.214,0.202,,0.9,0.23,0.835,0.113,0.371,0.335,0.157,0.791,0.583
2019,8,08X293,Renaissance High School for Musical Theater and th,439.2,453.2,0.067,0.317,460,2.63,2.34,0.059,0.23,0.002,0.8,0.13,0.73,0.037,0.243,0.65,0.063,0.833,0.512
2019,8,08X312,Millennium Art Academy,423.2,443.6,0.068,0.252,422,2.76,2.37,0.066,0.251,0.002,0.82,0.154,0.725,0.014,0.275,0.673,0.024,0.835,0.508
2019,8,08X320,Pelham Lab High School,449.4,440.2,0.109,0.218,475,2.62,2.32,0.156,0.215,0.019,0.82,0.135,0.735,0.067,0.213,0.619,0.074,0.829,0.571
2019,8,08X348,Schuylerville Preparatory High School,428.4,443.1,0.082,0.286,360,2.64,2.34,0.144,0.225,0.008,0.78,0.103,0.694,0.058,0.283,0.558,0.083,0.833,0.538
2019,8,08X349,Bronx River High School,445.3,443.3,0.116,0.242,425,2.53,2.34,0.162,0.249,0.021,0.85,0.139,0.751,0.054,0.228,0.638,0.054,0.823,0.559
2019,8,08X367,"Archimedes Academy for Math, Science and Technolog",461.1,465.8,0.138,0.298,358,2.59,2.34,0.128,0.282,0.078,0.84,0.193,0.737,0.087,0.254,0.631,0.02,0.847,0.512
2019,8,08X376,Antonia Pantoja Preparatory Academy: A College Boa,427.1,447.1,0.033,0.295,233,2.55,2.1,0.155,0.305,0.009,0.87,0.223,0.773,0.077,0.197,0.691,0.013,0.826,0.577
2019,8,08X405,Herbert H. Lehman High School,471.8,457.9,0.17,0.258,794,2.76,2.52,0.128,0.247,0.074,0.8,0.113,0.724,0.144,0.27,0.476,0.093,0.852,0.436
2019,8,08X432,Bronx Bridges High School,408.7,390.8,0.032,0.074,329,1.96,1.97,0.839,0.116,0.003,0.98,0.261,0.802,0.128,0.046,0.766,0.036,0.845,0.557
2019,8,08X452,Gotham Collaborative High School,420.4,419.8,0.063,0.113,532,2.45,2.15,0.154,0.263,,0.91,0.207,0.838,0.092,0.305,0.585,0.009,0.797,0.567
2019,8,08X530,Longwood Preparatory Academy,410.2,413.9,0.039,0.118,342,2.39,2.07,0.175,0.292,0.003,0.91,0.222,0.833,0.009,0.345,0.623,0.012,0.825,0.517
2019,8,08X558,Westchester Square Academy,467.7,456.7,0.242,0.322,554,2.78,2.51,0.096,0.206,0.002,0.75,0.121,0.65,0.065,0.244,0.569,0.112,0.816,0.499
2019,8,08X559,School for Tourism and Hospitality,427.2,419.8,0.048,0.086,299,2.39,2.1,0.247,0.294,0.007,0.94,0.291,0.849,0.007,0.308,0.656,0.02,0.7,0.718
2019,8,08X561,Bronx Compass High School,430.4,445.6,0.069,0.208,381,2.66,2.4,0.108,0.234,0.021,0.87,0.178,0.793,0.042,0.281,0.638,0.021,0.836,0.559
2019,9,09X227,Bronx Collegiate Academy,439.5,454.2,0.109,0.327,388,2.57,2.25,0.191,0.219,0.003,0.94,0.175,0.871,0.034,0.232,0.719,0.01,0.845,0.382
2019,9,09X231,Eagle Academy for Young Men,445.8,473.1,0.121,0.409,291,2.49,2.48,0.052,0.234,0.048,0.8,0.107,0.701,0.007,0.55,0.405,0.017,0.896,0.255
2019,9,09X241,Urban Assembly School for Applied Math and Science,473.8,456.1,0.232,0.293,334,2.6,2.78,0.114,0.296,,0.9,0.117,0.802,,0.32,0.668,0.006,0.852,0.436
2019,9,09X250,Eximius College Preparatory Academy: A College Boa,433,440.2,0.078,0.27,430,2.77,2.52,0.086,0.256,,0.87,0.147,0.772,0.009,0.321,0.653,,0.885,0.394
2019,9,09X252,Mott Hall Bronx High School,450.7,459.4,0.137,0.353,379,2.68,2.47,0.111,0.227,0.003,0.9,0.127,0.805,,0.261,0.715,0.011,0.836,0.495
2019,9,09X260,Bronx Center for Science and Mathematics,527.5,526,0.455,0.618,448,3.05,2.97,0.058,0.234,0.038,0.83,0.112,0.719,0.067,0.205,0.676,0.029,0.911,0.281
2019,9,09X263,Validus Preparatory Academy,456.1,465.8,0.122,0.286,361,2.53,2.28,0.152,0.277,0.055,0.92,0.205,0.856,0.006,0.316,0.665,0.006,0.833,0.523
2019,9,09X297,Morris Academy for Collaborative Studies,432.5,440.3,0.107,0.25,409,2.54,2.25,0.171,0.279,0.029,0.91,0.156,0.814,0.017,0.269,0.694,0.017,0.852,0.392
2019,9,09X324,Bronx Early College Academy for Teaching & Learnin,510.6,515.3,0.397,0.619,272,3.07,2.87,0.074,0.154,,0.87,0.107,0.776,0.044,0.268,0.662,0.015,0.9,0.264
2019,9,09X327,Comprehensive Model School Project M.S. 327,509.3,477.5,0.364,0.455,433,2.88,3.09,0.115,0.293,0.092,0.91,0.152,0.822,0.002,0.206,0.778,0.014,0.855,0.513
2019,9,09X329,DreamYard Preparatory School,436.2,472.9,0.095,0.317,271,2.5,2.27,0.225,0.247,0.004,0.95,0.269,0.856,0.007,0.273,0.694,0.018,0.846,0.477
2019,9,09X365,Academy for Language and Technology,400.1,392.2,0.041,0.068,324,1.93,2.12,0.731,0.071,,0.99,0.645,0.821,,,1,,0.89,0.359
2019,9,09X403,Bronx International High School,395.4,385.9,0.011,0.021,418,1.84,1.97,0.914,0.038,,0.99,0.383,0.804,0.029,0.127,0.809,0.031,0.796,0.549
2019,9,09X404,School for Excellence,408,414.4,0.032,0.106,326,2.33,2.04,0.27,0.279,,0.92,0.221,0.862,0.009,0.285,0.681,0.012,0.737,0.653
2019,9,09X412,Bronx High School of Business,406.4,419.3,0.017,0.155,275,2.36,2.09,0.382,0.229,0.018,0.96,0.269,0.873,0.022,0.2,0.738,0.022,0.83,0.423
2019,9,09X413,Bronx High School for Medical Science,493.2,495.2,0.343,0.582,267,3.06,2.98,0.079,0.199,0.079,0.89,0.071,0.809,0.071,0.243,0.637,0.026,0.925,0.212
2019,9,09X505,"Bronx School for Law, Government and Justice",467.2,476.7,0.209,0.395,477,3.1,2.76,0.082,0.205,0.027,0.85,0.13,0.746,0.015,0.245,0.723,0.013,0.895,0.348
2019,9,09X517,Frederick Douglass Academy III Secondary School,430.8,433.6,0.093,0.196,408,2.35,2.08,0.203,0.257,0.007,0.92,0.265,0.846,0.012,0.434,0.522,0.017,0.766,0.605
2019,9,09X525,Bronx Leadership Academy High School,404.8,418.3,0.007,0.12,565,2.39,2.08,0.198,0.271,0.028,0.94,0.211,0.858,0.005,0.296,0.667,0.014,0.792,0.6
2019,9,09X543,High School for Violin and Dance,402.1,400.9,,0.1,253,2.4,2.13,0.178,0.316,0.051,0.93,0.233,0.854,0.004,0.348,0.628,0.016,0.765,0.583
2019,9,09X564,Claremont International HS,381.5,376.5,,0.012,361,1.84,1.96,0.845,0.072,,0.99,0.454,0.831,0.089,0.188,0.679,0.044,0.858,0.376
2019,9,09X568,Young Women's Leadership School of the Bronx,495.5,504.7,0.313,0.625,285,3.07,3.06,0.046,0.186,0.004,0.8,0.049,0.681,0.028,0.358,0.572,0.011,0.893,0.36
2019,10,10X141,Riverdale / Kingsbridge Academy (Middle School / H,514.7,528.2,0.425,0.631,728,2.93,2.99,0.077,0.206,0.081,0.51,0.084,0.42,0.076,0.102,0.573,0.242,0.924,0.209
2019,10,10X213,Bronx Engineering and Technology Academy,443.9,453.4,0.092,0.286,377,2.57,2.44,0.188,0.244,0.003,0.87,0.18,0.753,0.045,0.284,0.639,0.024,0.788,0.525
2019,10,10X225,Theatre Arts Production Company School,454.2,468.4,0.122,0.415,348,2.72,2.43,0.075,0.25,0.026,0.87,0.141,0.773,0.023,0.253,0.707,0.017,0.837,0.472
2019,10,10X237,"The Marie Curie School for Medicine, Nursing, and",434.3,455.7,0.075,0.325,430,2.64,2.33,0.128,0.235,0.012,0.86,0.177,0.751,0.033,0.288,0.623,0.037,0.79,0.606
2019,10,10X243,West Bronx Academy for the Future,439.6,459.8,0.071,0.271,327,2.67,2.47,0.107,0.26,0.052,0.93,0.171,0.835,0.031,0.162,0.783,0.021,0.858,0.334
2019,10,10X264,Bronx Academy for Software Engineering (BASE),470.6,471.3,0.263,0.384,419,2.74,2.64,0.091,0.279,0.076,0.8,0.119,0.673,0.06,0.27,0.616,0.033,0.849,0.407
2019,10,10X268,Kingsbridge International High School,392.8,377.2,0.014,0.014,491,1.83,1.96,0.872,0.045,,0.98,0.411,0.811,0.033,0.033,0.902,0.026,0.859,0.454
2019,10,10X284,Bronx School of Law and Finance,413.8,421.5,0.038,0.114,369,2.55,2.34,0.217,0.214,0.024,0.89,0.206,0.799,0.011,0.22,0.724,0.033,0.786,0.604
2019,10,10X342,International School for Liberal Arts,417.1,411.9,0.029,0.165,371,2.29,2.23,0.687,0.081,,0.98,0.375,0.814,,0.003,0.997,,0.907,0.268
2019,10,10X351,Bronx Collaborative High School,428.7,454.8,0.099,0.264,587,2.7,2.44,0.191,0.23,0.002,0.86,0.191,0.77,0.034,0.288,0.63,0.034,0.757,0.659
2019,10,10X353,World View High School,413.1,409.3,0.073,0.211,551,2.75,2.6,0.25,0.18,,0.81,0.167,0.695,0.011,0.232,0.717,0.007,0.912,0.288
2019,10,10X368,In-Tech Academy (M.S. / High School 368),487.7,496.6,0.333,0.546,542,2.92,2.57,0.127,0.232,0.039,0.78,0.09,0.69,0.05,0.09,0.793,0.048,0.917,0.27
2019,10,10X374,Knowledge and Power Preparatory Academy Internatio,461.9,472.5,0.179,0.366,464,2.84,2.68,0.11,0.25,0.017,0.85,0.123,0.761,0.022,0.265,0.664,0.028,0.85,0.448
2019,10,10X433,High School for Teaching and the Professions,404.1,413.4,0.06,0.18,414,2.55,2.34,0.263,0.237,0.005,0.93,0.242,0.821,0.027,0.145,0.771,0.046,0.849,0.481
2019,10,10X434,Belmont Preparatory High School,446.3,462.9,0.138,0.368,390,2.7,2.53,0.121,0.233,0.038,0.85,0.123,0.764,0.046,0.218,0.71,0.013,0.889,0.287
2019,10,10X437,Fordham High School for the Arts,499.5,498.3,0.403,0.597,319,3.05,2.81,0.038,0.223,0.006,0.81,0.1,0.702,0.016,0.398,0.555,0.022,0.911,0.253
2019,10,10X438,Fordham Leadership Academy,435.7,450,0.06,0.313,352,2.52,2.26,0.199,0.241,0.003,0.9,0.159,0.798,0.028,0.256,0.696,0.014,0.944,0.139
2019,10,10X439,Bronx High School for Law and Community Service,459.3,467.1,0.181,0.458,402,2.75,2.46,0.129,0.256,0.032,0.88,0.152,0.813,0.012,0.274,0.667,0.025,0.873,0.421
2019,10,10X440,DeWitt Clinton High School,455.5,455.5,0.197,0.315,1119,2.76,2.53,0.148,0.189,0.018,0.84,0.171,0.737,0.106,0.318,0.52,0.032,0.821,0.479
2019,10,10X442,"Celia Cruz Bronx High School of Music, The",447.3,476.8,0.167,0.531,421,2.97,2.74,0.057,0.238,,0.78,0.116,0.677,0.014,0.266,0.66,0.014,0.916,0.286
2019,10,10X445,The Bronx High School of Science,756.7,700.1,0.938,0.937,3016,4.1,4.33,,0.015,,0.39,0.015,0.294,0.648,0.027,0.071,0.222,0.967,0.076
2019,10,10X477,Marble Hill High School for International Studies,511.4,509,0.414,0.622,448,2.89,2.9,0.297,0.134,,0.86,0.205,0.725,0.138,0.15,0.65,0.047,0.93,0.193
2019,10,10X524,Crotona International High School,379.8,362,0.023,,333,1.73,1.85,0.958,0.054,,0.99,0.393,0.778,0.045,0.06,0.877,0.018,0.884,0.264
2019,10,10X546,Bronx Theatre High School,417.3,441.1,0.038,0.228,347,2.61,2.18,0.058,0.233,0.012,0.91,0.196,0.816,0.012,0.323,0.622,0.026,0.804,0.565
2019,10,10X549,Discovery High School,462.7,448.8,0.167,0.275,489,2.55,2.31,0.254,0.252,0.006,0.91,0.192,0.8,0.045,0.166,0.763,0.022,0.891,0.256
2019,10,10X565,High School for Energy and Technology,433.3,434.5,0.095,0.2,406,2.56,2.35,0.143,0.271,0.022,0.89,0.18,0.793,0.039,0.239,0.702,0.012,0.831,0.51
2019,10,10X696,High School of American Studies at Lehman College,715.5,710.7,0.86,0.86,411,4.09,4.26,,0.027,0.002,0.26,0.019,0.168,0.219,0.039,0.105,0.586,0.961,0.09
2019,11,11X249,Bronx Health Sciences High School,494.3,502.3,0.234,0.638,295,2.84,2.64,0.047,0.115,0.003,0.71,0.112,0.59,0.064,0.556,0.322,0.037,0.944,0.164
2019,11,11X253,Bronx High School for Writing and Communication Ar,416.6,430.4,0.021,0.179,317,2.54,2.23,0.155,0.237,,0.82,0.174,0.688,0.047,0.476,0.442,0.022,0.842,0.395
2019,11,11X265,Bronx Lab School,424.1,437.4,0.059,0.208,371,2.52,2.25,0.154,0.305,0.059,0.9,0.181,0.825,0.027,0.348,0.563,0.032,0.806,0.49
2019,11,11X270,Academy for Scholarship and Entrepreneurship: A Co,423.4,435.5,0.057,0.189,368,2.53,2.24,0.052,0.226,0.035,0.78,0.163,0.696,0.016,0.641,0.304,0.019,0.84,0.497
2019,11,11X275,High School of Computers and Technology,451.4,464.7,0.148,0.38,542,2.72,2.56,0.081,0.258,0.03,0.84,0.168,0.734,0.081,0.352,0.535,0.015,0.871,0.323
2019,11,11X288,Collegiate Institute for Math and Science,525,526.1,0.468,0.724,607,3.19,3.12,0.033,0.181,0.015,0.72,0.064,0.603,0.114,0.343,0.404,0.119,0.888,0.285
2019,11,11X290,Bronx Academy of Health Careers,418.1,416.2,0.083,0.19,359,2.61,2.29,0.131,0.214,,0.86,0.223,0.744,0.039,0.418,0.518,0.011,0.9,0.326
2019,11,11X299,Astor Collegiate Academy,453.2,463.4,0.194,0.435,500,2.75,2.56,0.076,0.23,0.012,0.75,0.102,0.636,0.08,0.276,0.49,0.122,0.838,0.425
2019,11,11X418,Bronx High School for the Visual Arts,423.7,438.6,0.043,0.248,461,2.69,2.33,0.061,0.291,,0.79,0.121,0.685,0.037,0.269,0.588,0.095,0.835,0.516
2019,11,11X455,Harry S Truman High School,444.6,456.2,0.106,0.253,2081,2.62,2.3,0.084,0.254,0.11,0.76,0.159,0.665,0.032,0.5,0.42,0.031,0.89,0.253
2019,11,11X508,Bronxdale High School,446.2,466,0.117,0.396,459,2.81,2.53,0.068,0.233,0.002,0.76,0.113,0.643,0.05,0.281,0.571,0.083,0.846,0.514
2019,11,11X509,High School of Language and Innovation,422.6,410.2,0.105,0.147,379,2.03,2.17,0.802,0.045,0.005,0.98,0.269,0.815,0.201,0.058,0.538,0.187,0.902,0.338
2019,11,11X513,New World High School,466.1,431.4,0.203,0.203,381,2.1,2.15,0.688,0.068,0.003,0.94,0.231,0.777,0.097,0.121,0.669,0.11,0.898,0.288
2019,11,11X514,The Bronxwood Preparatory Academy,411,433.8,0.01,0.206,360,2.57,2.15,0.097,0.219,0.006,0.75,0.131,0.653,0.039,0.633,0.261,0.036,0.906,0.291
2019,11,11X542,Pelham Preparatory Academy,463.4,481.1,0.207,0.486,511,2.89,2.61,0.061,0.245,0.002,0.74,0.106,0.63,0.074,0.254,0.55,0.104,0.885,0.344
2019,11,11X544,High School for Contemporary Arts,413.7,418.8,0.082,0.156,395,2.52,2.19,0.172,0.253,0.066,0.88,0.182,0.765,0.018,0.395,0.542,0.035,0.859,0.387
2019,11,11X545,Bronx Aerospace High School,403.7,413.9,0.012,0.081,322,2.43,2.16,0.18,0.267,0.012,0.87,0.227,0.767,0.053,0.376,0.525,0.022,0.76,0.674
2019,12,12X242,Mott Hall V,477.8,466.8,0.303,0.414,372,2.73,2.41,0.099,0.28,0.083,0.87,0.075,0.78,0.051,0.161,0.782,0.005,0.884,0.418
2019,12,12X248,"Metropolitan High School, The",392.8,396.5,0.018,0.08,356,2.35,2.12,0.225,0.303,0.034,0.94,0.239,0.851,0.011,0.236,0.725,0.017,0.777,0.635
2019,12,12X251,Explorations Academy H.S.,431.2,424.3,0.11,0.18,326,2.42,2.25,0.218,0.245,0.006,0.92,0.202,0.819,0.015,0.279,0.69,0.006,0.821,0.522
2019,12,12X267,Bronx Latin,448,437.8,0.121,0.242,338,2.67,2.6,0.121,0.237,,0.89,0.077,0.808,0.015,0.198,0.772,0.012,0.889,0.299
2019,12,12X271,East Bronx Academy for the Future,437.2,447.3,0.079,0.263,388,2.53,2.31,0.16,0.309,0.095,0.93,0.17,0.858,0.021,0.255,0.693,0.015,0.83,0.478
2019,12,12X388,Pan American International High School at Monroe,393,366.9,,0.008,444,1.77,1.86,0.878,0.032,0.002,0.98,0.329,0.723,,0.005,0.993,,0.875,0.405
2019,12,12X478,The Cinema School,483.1,495.5,0.179,0.567,317,3.05,2.85,0.047,0.189,0.003,0.85,0.12,0.726,0.016,0.161,0.729,0.035,0.888,0.376
2019,12,12X479,Bronx Career and College Preparatory High School,419.6,429,0.071,0.155,268,2.48,2.23,0.239,0.287,0.019,0.93,0.239,0.851,0.026,0.358,0.593,0.004,0.806,0.566
2019,12,12X511,Bronx Envision Academy,433.4,438,0.076,0.21,418,2.61,2.24,0.167,0.242,,0.9,0.199,0.792,0.022,0.337,0.61,0.017,0.847,0.491
2019,12,12X521,The Metropolitan Soundview High School,430.8,433.7,0.102,0.167,423,2.47,2.2,0.156,0.239,0.019,0.89,0.144,0.783,0.026,0.232,0.719,0.017,0.816,0.551
2019,12,12X550,High School of World Cultures,415.1,398.9,0.017,0.043,459,2.06,2.06,0.797,0.044,,0.98,0.235,0.804,0.094,0.089,0.758,0.046,0.855,0.425
2019,12,12X682,Fannie Lou Hamer Freedom High School,399.5,433,0.017,0.223,471,2.41,2.1,0.127,0.318,0.085,0.91,0.187,0.83,0.008,0.282,0.677,0.013,0.789,0.619
2019,12,12X684,Wings Academy,391.9,416.8,0.011,0.087,463,2.37,2.07,0.05,0.302,0.035,0.92,0.184,0.86,0.004,0.562,0.397,0.015,0.777,0.627
2019,13,13K265,Dr. Susan S. McKinney Secondary School of the Arts,436.6,451.7,0.091,0.255,223,2.69,2.26,0.022,0.229,0.013,0.88,0.148,0.798,0.018,0.726,0.229,0.009,0.779,0.548
2019,13,13K350,Urban Assembly School for Music and Art,419.8,445.1,0.02,0.24,207,2.75,2.36,0.043,0.237,,0.84,0.145,0.768,0.005,0.739,0.227,0.019,0.809,0.526
2019,13,13K412,Brooklyn Community Arts & Media High School (BCAM),432,449.9,0.081,0.291,421,2.72,2.32,0.036,0.266,0.002,0.81,0.138,0.732,0.01,0.696,0.276,0.007,0.841,0.46
2019,13,13K419,"Science Skills Center High School for Science, Tec",457.6,465.4,0.164,0.409,570,2.96,2.84,0.033,0.144,,0.75,0.114,0.625,0.081,0.667,0.177,0.042,0.918,0.273
2019,13,13K430,Brooklyn Technical High School,732,671.1,0.972,0.973,5937,4.03,4.27,,0.013,,0.52,0.033,0.408,0.607,0.058,0.071,0.245,0.955,0.106
2019,13,13K439,Brooklyn International High School,404.8,409.3,0.095,0.133,359,1.99,2.26,0.763,0.033,,0.95,0.148,0.777,0.251,0.206,0.435,0.109,0.907,0.312
2019,13,13K483,The Urban Assembly School for Law and Justice,462.2,475.3,0.186,0.412,435,2.88,2.6,0.021,0.172,0.005,0.69,0.094,0.579,0.025,0.667,0.267,0.018,0.884,0.385
2019,13,13K499,ACORN Community High School,436.3,443.1,0.091,0.25,150,2.58,2.28,0.047,0.273,0.013,0.85,0.14,0.793,0.033,0.787,0.133,0.027,0.701,0.711
2019,13,13K527,Urban Assembly Institute of Math and Science for Y,453,455.2,0.157,0.343,295,2.79,2.5,0.081,0.173,0.003,0.8,0.068,0.702,0.088,0.586,0.166,0.139,0.849,0.507
2019,13,13K594,Gotham Professional Arts Academy,416.4,416.4,,0.063,178,2.56,2.28,0.039,0.36,,0.86,0.23,0.758,0.006,0.775,0.208,0.006,0.804,0.564
2019,13,13K595,Bedford Academy High School,531.6,533,0.514,0.778,363,3.33,3.29,0.011,0.138,0.003,0.62,0.061,0.49,0.039,0.785,0.085,0.036,0.921,0.197
2019,13,13K605,George Westinghouse Career and Technical Education,444.8,457.7,0.146,0.354,776,2.75,2.63,0.023,0.174,0.017,0.75,0.095,0.642,0.04,0.683,0.235,0.017,0.884,0.368
2019,13,13K670,Benjamin Banneker Academy,521,540.1,0.529,0.804,810,3.26,3.17,0.015,0.146,0.021,0.67,0.078,0.535,0.053,0.799,0.111,0.009,0.889,0.367
2019,13,13K674,"City Polytechnic High School of Engineering, Archi",507.2,508.4,0.373,0.59,426,2.98,3,0.016,0.19,,0.63,0.063,0.509,0.054,0.655,0.214,0.061,0.909,0.275
2019,14,14K071,Juan Morel Campos Secondary School,418.8,421.7,0.052,0.125,329,2.33,2.14,0.304,0.307,0.079,0.92,0.191,0.842,0.015,0.14,0.769,0.064,0.866,0.399
2019,14,14K449,"Brooklyn Latin School, The",696.7,664.6,0.994,0.994,698,3.95,4.18,,0.023,,0.56,0.044,0.43,0.547,0.122,0.12,0.13,0.936,0.255
2019,14,14K454,The Williamsburg High School of Art and Technology,395.1,395.9,,0.127,302,2.58,2.42,0.238,0.252,0.013,0.83,0.185,0.715,0.033,0.225,0.675,0.053,0.851,0.484
2019,14,14K474,PROGRESS High School for Professional Careers,409.2,420.7,0.032,0.149,674,2.58,2.34,0.206,0.212,0.03,0.88,0.141,0.777,0.006,0.273,0.688,0.012,0.781,0.528
2019,14,14K477,East Williamsburg Scholars Academy,388.4,420.4,0.012,0.153,304,2.51,2.22,0.329,0.217,0.007,0.89,0.207,0.727,0.007,0.355,0.615,0.01,0.73,0.602
2019,14,14K478,"The High School for Enterprise, Business and Techn",447.4,447.7,0.141,0.266,831,2.73,2.56,0.119,0.162,0.001,0.83,0.111,0.732,0.058,0.303,0.613,0.019,0.85,0.42
2019,14,14K488,Brooklyn Preparatory High School,470.6,474.3,0.223,0.403,527,2.93,2.72,0.021,0.188,0.011,0.76,0.112,0.645,0.009,0.433,0.528,0.015,0.838,0.465
2019,14,14K558,Williamsburg High School for Architecture and Desi,471.1,488.4,0.22,0.488,580,2.84,2.69,0.031,0.222,0.012,0.71,0.088,0.602,0.022,0.284,0.61,0.064,0.924,0.176
2019,14,14K561,Williamsburg Preparatory School,485.4,495.6,0.327,0.54,682,2.87,2.66,0.047,0.211,0.006,0.79,0.072,0.692,0.031,0.157,0.704,0.092,0.903,0.292
2019,14,14K586,Lyons Community School,428.2,444.8,0.053,0.276,298,2.45,2.14,0.128,0.242,,0.9,0.164,0.829,,0.302,0.658,0.034,0.788,0.533
2019,14,14K610,Automotive High School,418.1,431.9,0.05,0.125,329,2.44,2.29,0.064,0.34,0.046,0.81,0.109,0.726,0.03,0.492,0.419,0.027,0.835,0.472
2019,14,14K614,Young Women's Leadership School of Brooklyn,474.3,495,0.258,0.613,225,2.83,2.58,0.111,0.156,0.009,0.8,0.111,0.711,0.044,0.427,0.427,0.067,0.86,0.424
2019,14,14K685,El Puente Academy for Peace and Justice,412.9,435.5,0.018,0.286,224,2.46,2.2,0.183,0.263,0.004,0.89,0.143,0.835,0.004,0.049,0.924,0.004,0.817,0.661
2019,15,15K429,Digital Arts and Cinema Technology High School,459.1,475.3,0.233,0.512,246,2.85,2.67,0.004,0.215,,0.76,0.049,0.667,0.037,0.545,0.35,0.053,0.906,0.32
2019,15,15K448,Brooklyn Collaborative Studies,461.1,466.8,0.161,0.43,389,2.98,2.63,0.062,0.262,0.003,0.71,0.069,0.578,0.031,0.393,0.478,0.075,0.863,0.471
2019,15,15K462,John Jay School for Law,448.9,452,0.08,0.333,436,2.85,2.55,0.032,0.188,0.002,0.76,0.115,0.661,0.023,0.626,0.294,0.028,0.843,0.466
2019,15,15K463,Secondary School for Journalism,424.3,438.3,0.053,0.193,268,2.77,2.43,0.142,0.201,0.004,0.81,0.116,0.69,0.067,0.459,0.373,0.086,0.813,0.55
2019,15,15K464,Park Slope Collegiate,481.4,473.5,0.265,0.449,440,2.8,2.64,0.073,0.207,0.007,0.71,0.068,0.611,0.043,0.382,0.457,0.093,0.845,0.474
2019,15,15K497,The Boerum Hill School for International Studies,450.2,463.6,0.118,0.412,286,2.79,2.58,0.108,0.22,0.003,0.67,0.087,0.577,0.056,0.406,0.29,0.182,0.813,0.466
2019,15,15K519,Cobble Hill School of American Studies,427.1,453.6,0.055,0.283,582,2.78,2.41,0.113,0.189,0.002,0.83,0.162,0.729,0.034,0.62,0.29,0.027,0.802,0.43
2019,15,15K592,Khalil Gibran International Academy,432.1,424.7,0.136,0.258,226,2.6,2.52,0.372,0.181,0.004,0.86,0.119,0.792,0.177,0.358,0.08,0.314,0.831,0.498
2019,15,15K656,Brooklyn High School of the Arts,476.2,486.3,0.234,0.528,939,3.15,2.81,0.011,0.176,0.05,0.66,0.073,0.534,0.034,0.653,0.213,0.048,0.892,0.344
2019,15,15K667,Sunset Park High School,454.2,442.6,0.157,0.279,1216,2.66,2.55,0.219,0.204,0.025,0.86,0.086,0.754,0.099,0.075,0.74,0.081,0.85,0.426
2019,15,15K684,Millennium Brooklyn HS,602.1,595.6,0.881,0.906,675,3.8,3.85,0.003,0.151,,0.4,0.016,0.289,0.127,0.166,0.197,0.444,0.958,0.081
2019,16,16K455,Boys and Girls High School,422.1,420.2,0.079,0.18,439,2.47,2.23,0.062,0.285,0.084,0.86,0.153,0.781,0.014,0.82,0.114,0.021,0.816,0.443
2019,16,16K498,Brooklyn High School for Law and Technology,430.3,452.7,0.087,0.294,589,2.7,2.48,0.061,0.221,0.041,0.81,0.136,0.723,0.039,0.633,0.287,0.019,0.808,0.472
2019,16,16K688,The Brooklyn Academy of Global Finance,,,,,105,2.4,2.14,0.143,0.267,,0.92,0.2,0.867,0.076,0.714,0.162,0.029,0.849,0.44
2019,16,16K765,Nelson Mandela High School,425.6,429.4,0.06,0.164,252,2.45,2.21,0.008,0.317,0.075,0.85,0.179,0.746,0.016,0.829,0.107,0.008,0.735,0.711
2019,17,17K122,Pathways in Technology Early College High School (,452.4,447.9,0.121,0.353,581,2.85,2.65,0.022,0.174,,0.66,0.081,0.535,0.017,0.824,0.119,0.009,0.911,0.215
2019,17,17K382,Academy for College Preparation and Career Explora,456.9,452.9,0.143,0.222,230,2.58,2.25,0.178,0.17,,0.79,0.161,0.665,,0.83,0.1,0.022,0.852,0.425
2019,17,17K408,Academy of Hospitality and Tourism,423.4,412.1,0.057,0.171,196,2.59,2.28,0.204,0.214,,0.85,0.153,0.73,0.005,0.816,0.138,0.036,0.84,0.384
2019,17,17K524,International High School at Prospect Heights,384.6,386.7,0.019,0.029,368,1.92,2.06,0.878,0.052,0.003,0.95,0.228,0.774,0.163,0.236,0.497,0.084,0.881,0.297
2019,17,17K528,The High School for Global Citizenship,424.4,430.9,0.081,0.216,213,2.71,2.54,0.155,0.164,,0.78,0.169,0.648,0.042,0.728,0.188,0.028,0.863,0.434
2019,17,17K531,"School for Human Rights, The",428.2,458.4,0.038,0.308,330,2.71,2.36,0.082,0.191,,0.76,0.127,0.636,0.021,0.87,0.085,0.012,0.89,0.282
2019,17,17K537,High School for Youth and Community Development at,429.4,450.2,0.081,0.232,467,2.61,2.28,0.088,0.255,0.006,0.78,0.161,0.662,0.039,0.784,0.143,0.024,0.861,0.382
2019,17,17K539,High School for Service & Learning at Erasmus,438.2,430.4,0.114,0.19,297,2.65,2.34,0.148,0.215,0.003,0.82,0.104,0.704,0.03,0.761,0.165,0.027,0.839,0.408
2019,17,17K543,"Science, Technology and Research Early College Hig",531.6,557.5,0.578,0.889,356,3.38,3.38,0.011,0.135,,0.57,0.042,0.455,0.039,0.795,0.126,0.011,0.964,0.089
2019,17,17K546,High School for Public Service: Heroes of Tomorrow,481.3,495.2,0.24,0.548,462,3.14,2.88,0.015,0.175,0.05,0.73,0.104,0.621,0.037,0.771,0.158,0.013,0.922,0.208
2019,17,17K547,Brooklyn Academy of Science and the Environment,446.6,452.1,0.1,0.283,382,2.72,2.6,0.058,0.162,0.003,0.76,0.131,0.654,0.039,0.804,0.115,0.031,0.904,0.247
2019,17,17K548,Brooklyn School for Music & Theatre,404.5,416.4,0.03,0.164,296,2.63,2.28,0.027,0.223,0.024,0.82,0.199,0.764,0.003,0.777,0.199,0.017,0.835,0.458
2019,17,17K590,Medgar Evers College Preparatory School,559.8,564.2,0.709,0.883,897,3.64,3.63,0.006,0.088,0.003,0.55,0.064,0.415,0.025,0.871,0.056,0.01,0.932,0.211
2019,17,17K600,Clara Barton High School,433.5,452.9,0.097,0.287,1200,2.85,2.56,0.078,0.181,0.073,0.72,0.108,0.592,0.014,0.892,0.073,0.009,0.87,0.371
2019,17,17K745,Brooklyn Institute for Liberal Arts,444.8,484.3,0.083,0.464,415,2.8,2.52,0.046,0.207,0.002,0.71,0.149,0.576,0.017,0.87,0.104,0.002,0.911,0.261
2019,17,17K751,Academy for Health Careers,417.6,467.8,0.053,0.373,301,2.8,2.5,0.037,0.143,0.037,0.82,0.156,0.724,0.047,0.771,0.14,0.017,0.864,0.46
2019,18,18K563,It Takes a Village Academy,436.8,451.2,0.102,0.299,659,2.83,2.64,0.176,0.152,0.021,0.76,0.096,0.624,0.018,0.891,0.067,0.011,0.9,0.301
2019,18,18K566,Brooklyn Generation School,437.9,455.6,0.085,0.277,189,2.58,2.16,0.122,0.238,0.005,0.75,0.116,0.64,0.005,0.81,0.122,0.048,0.899,0.23
2019,18,18K567,Brooklyn Theatre Arts High School,426.2,426.8,0.064,0.192,350,2.59,2.29,0.023,0.174,0.006,0.79,0.109,0.706,0.023,0.837,0.103,0.02,0.81,0.565
2019,18,18K569,Kurt Hahn Expeditionary Learning School,416.5,425.1,0.022,0.135,294,2.51,2.19,0.071,0.289,0.02,0.75,0.116,0.66,0.007,0.891,0.065,0.017,0.87,0.402
2019,18,18K576,Victory Collegiate High School,423.6,436.7,0.013,0.177,341,2.55,2.32,0.067,0.255,0.009,0.77,0.106,0.683,0.018,0.824,0.106,0.041,0.854,0.523
2019,18,18K617,High School for Innovation in Advertising and Medi,428.3,435.5,0.098,0.262,240,2.54,2.39,0.092,0.225,0.054,0.72,0.075,0.629,0.017,0.808,0.117,0.046,0.828,0.549
2019,18,18K629,Cultural Academy for the Arts and Sciences,433.4,442.3,0.1,0.225,282,2.53,2.31,0.117,0.22,0.014,0.74,0.11,0.638,0.014,0.84,0.096,0.025,0.853,0.42
2019,18,18K633,High School for Medical Professions,451.6,469.6,0.195,0.469,460,2.88,2.65,0.043,0.152,0.002,0.71,0.089,0.598,0.03,0.789,0.13,0.037,0.894,0.351
2019,18,18K637,Academy for Conservation and the Environment,448.8,450.3,0.186,0.279,300,2.65,2.4,0.133,0.177,0.003,0.77,0.16,0.673,0.06,0.753,0.097,0.063,0.858,0.413
2019,18,18K642,Urban Action Academy,407,432.3,0.037,0.21,264,2.46,2.27,0.231,0.159,0.045,0.8,0.11,0.682,0.027,0.765,0.117,0.091,0.786,0.612
2019,19,19K404,Academy for Young Writers,450.4,479.6,0.167,0.389,336,2.89,2.39,0.039,0.196,0.003,0.79,0.11,0.693,0.006,0.705,0.265,0.015,0.873,0.449
2019,19,19K409,East New York Family Academy,457.9,461,0.117,0.4,289,2.78,2.66,0.031,0.228,,0.8,0.114,0.709,0.042,0.623,0.304,0.007,0.883,0.409
2019,19,19K422,Spring Creek Community School,440.8,450,0.125,0.406,303,2.69,2.45,0.033,0.224,0.013,0.77,0.099,0.653,0.01,0.716,0.231,0.01,0.879,0.377
2019,19,19K502,FDNY - Captain Vernon A. Richard High School for F,408.3,412.9,0.111,0.204,277,2.46,2.2,0.04,0.274,0.051,0.85,0.199,0.762,0.014,0.697,0.264,0.007,0.743,0.584
2019,19,19K504,High School for Civil Rights,390,412.5,0.029,0.087,239,2.35,2.2,0.117,0.268,,0.87,0.238,0.736,0.021,0.682,0.268,0.017,0.786,0.588
2019,19,19K507,Performing Arts and Technology High School,426.7,442.7,0.075,0.258,409,2.62,2.35,0.181,0.23,0.049,0.86,0.166,0.736,0.017,0.599,0.364,0.01,0.872,0.302
2019,19,19K510,World Academy for Total Community Health High Scho,432.8,438.3,0.056,0.236,250,2.54,2.27,0.152,0.212,0.004,0.88,0.304,0.788,0.04,0.704,0.216,0.02,0.766,0.621
2019,19,19K583,Multicultural High School,388.9,374.7,0.016,0.016,267,1.84,1.95,0.876,0.015,0.004,0.99,0.112,0.734,,0.019,0.981,,0.898,0.295
2019,19,19K615,Transit Tech Career and Technical Education High S,444.3,457.6,0.094,0.229,676,2.58,2.37,0.062,0.253,0.003,0.79,0.132,0.683,0.049,0.595,0.296,0.024,0.804,0.45
2019,19,19K618,Academy of Innovative Technology,454.8,459.7,0.165,0.352,422,2.71,2.55,0.116,0.206,0.009,0.77,0.095,0.675,0.062,0.391,0.486,0.026,0.886,0.364
2019,19,19K639,Brooklyn Lab School,414.4,418,0.04,0.147,430,2.48,2.26,0.353,0.202,0.007,0.88,0.144,0.758,0.116,0.233,0.574,0.053,0.831,0.483
2019,19,19K659,Cypress Hills Collegiate Preparatory School,428.9,426.1,0.063,0.208,302,2.52,2.38,0.215,0.195,,0.83,0.119,0.735,0.119,0.185,0.649,0.03,0.862,0.472
2019,19,19K660,W. H. Maxwell Career and Technical Education High,416,433.5,0.039,0.147,376,2.46,2.21,0.088,0.33,0.016,0.89,0.184,0.822,0.024,0.646,0.29,0.021,0.767,0.583
2019,19,19K683,School for Classics High School,421.3,421.8,0.082,0.137,270,2.51,2.17,0.267,0.211,0.033,0.9,0.163,0.804,0.126,0.43,0.37,0.044,0.81,0.522
2019,19,19K764,The Urban Assembly School for Collaborative Health,461,457,0.219,0.397,338,2.79,2.47,0.186,0.109,0.003,0.81,0.121,0.692,0.133,0.337,0.441,0.036,0.86,0.431
2019,20,20K445,New Utrecht High School,529.3,483.5,0.424,0.45,3427,2.87,3.03,0.198,0.16,0.047,0.78,0.085,0.652,0.407,0.029,0.302,0.254,0.875,0.301
2019,20,20K485,High School of Telecommunication Arts and Technolo,524,507.6,0.478,0.594,1235,3.02,3.1,0.085,0.182,0.025,0.75,0.04,0.657,0.208,0.06,0.499,0.2,0.943,0.157
2019,20,20K490,Fort Hamilton High School,547.3,521.5,0.482,0.583,4559,3.09,3.14,0.15,0.148,0.04,0.72,0.069,0.6,0.279,0.032,0.314,0.356,0.907,0.247
2019,20,20K505,Franklin Delano Roosevelt High School,500,449,0.285,0.28,3214,2.79,2.82,0.333,0.143,0.053,0.87,0.131,0.721,0.383,0.099,0.338,0.171,0.854,0.355
2019,20,20K609,Urban Assembly School for Criminal Justice,518.6,507.5,0.418,0.657,327,3.06,2.94,0.135,0.153,,0.87,0.064,0.804,0.52,0.141,0.159,0.165,0.902,0.32
2019,21,21K337,International High School at Lafayette,433.3,395.1,0.167,0.1,347,1.87,2.4,0.888,0.026,,0.96,0.331,0.643,0.334,0.037,0.378,0.245,0.875,0.314
2019,21,21K344,Rachel Carson High School for Coastal Studies,482.3,464.2,0.293,0.338,623,2.91,2.76,0.186,0.178,0.003,0.78,0.061,0.674,0.18,0.136,0.189,0.474,0.859,0.429
2019,21,21K348,High School of Sports Management,454.1,436.1,0.1,0.24,241,2.56,2.43,0.124,0.228,0.008,0.82,0.108,0.685,0.058,0.51,0.295,0.116,0.741,0.611
2019,21,21K410,Abraham Lincoln High School,475.1,462.6,0.233,0.336,1904,2.8,2.61,0.176,0.166,0.048,0.82,0.096,0.71,0.154,0.421,0.246,0.17,0.868,0.364
2019,21,21K468,Kingsborough Early College School,518.4,527.3,0.424,0.741,379,3.32,3.12,,0.172,,0.58,0.016,0.451,0.071,0.235,0.288,0.385,0.928,0.239
2019,21,21K525,Edward R. Murrow High School,531.4,528.1,0.476,0.65,3693,3.09,3.16,0.089,0.184,0.048,0.65,0.095,0.524,0.249,0.218,0.193,0.3,0.912,0.224
2019,21,21K540,John Dewey High School,505.2,474,0.363,0.4,2203,2.88,2.95,0.177,0.129,0.032,0.8,0.09,0.692,0.308,0.314,0.229,0.128,0.919,0.195
2019,21,21K559,Life Academy High School for Film and Music,461.1,461.3,0.224,0.328,286,2.76,2.56,0.098,0.245,0.007,0.79,0.105,0.685,0.115,0.311,0.416,0.143,0.838,0.481
2019,21,21K572,Expeditionary Learning School for Community Leader,492.5,498.5,0.28,0.561,378,2.93,2.87,0.156,0.201,,0.77,0.101,0.651,0.156,0.177,0.36,0.265,0.816,0.503
2019,21,21K620,William E. Grady Career and Technical Education Hi,406,418.9,0.049,0.122,412,2.52,2.35,0.068,0.396,0.155,0.81,0.138,0.733,0.034,0.575,0.243,0.129,0.822,0.506
2019,21,21K690,Brooklyn Studio Secondary School,484.3,489.3,0.301,0.457,591,2.98,2.92,0.13,0.195,0.008,0.7,0.046,0.597,0.218,0.041,0.277,0.443,0.873,0.427
2019,22,22K405,Midwood High School,586.7,566.8,0.706,0.804,4156,3.51,3.57,0.027,0.116,0.023,0.64,0.075,0.533,0.351,0.283,0.127,0.214,0.927,0.205
2019,22,22K425,James Madison High School,520.8,498.8,0.422,0.525,3797,3.11,3.09,0.137,0.155,0.043,0.65,0.067,0.539,0.203,0.152,0.17,0.467,0.935,0.136
2019,22,22K535,Leon M. Goldstein High School for the Sciences,658.1,619.6,0.89,0.907,1057,3.78,3.96,0.005,0.164,0.024,0.46,0.017,0.334,0.287,0.068,0.089,0.544,0.953,0.104
2019,22,22K555,Brooklyn College Academy,554.5,553.4,0.658,0.877,660,3.48,3.47,0.006,0.142,,0.56,0.033,0.45,0.094,0.724,0.111,0.039,0.955,0.117
2019,22,22K611,Origins High School,449.5,453,0.142,0.283,414,2.81,2.59,0.268,0.123,0.005,0.83,0.118,0.725,0.164,0.338,0.167,0.314,0.833,0.535
2019,23,23K493,Brooklyn Collegiate: A College Board School,435.2,439,0.097,0.242,239,2.62,2.32,0.059,0.243,,0.83,0.151,0.736,0.013,0.837,0.126,0.004,0.839,0.496
2019,23,23K514,Frederick Douglass Academy VII High School,421.9,426.8,0.114,0.2,153,2.39,2.21,0.039,0.327,0.007,0.87,0.248,0.778,0.02,0.85,0.124,,0.866,0.403
2019,23,23K644,Eagle Academy for Young Men II,457.9,460.1,0.136,0.346,359,2.5,2.86,0.008,0.237,,0.71,0.12,0.579,0.011,0.905,0.072,0.003,0.886,0.298
2019,23,23K697,Teachers Preparatory High School,417.1,447.6,0.046,0.277,189,2.39,2.18,0.095,0.407,0.058,0.89,0.233,0.815,0.021,0.783,0.164,0.026,0.779,0.594
2019,24,24Q236,International High School for Health Sciences,424.9,410.5,0.067,0.107,273,2.15,2.27,0.747,0.037,,0.93,0.286,0.59,0.231,0.044,0.652,0.066,0.873,0.336
2019,24,24Q264,Academy of Finance and Enterprise,539.6,521,0.547,0.669,649,3.17,3.32,0.057,0.128,0.002,0.68,0.059,0.579,0.251,0.045,0.51,0.153,0.931,0.215
2019,24,24Q267,High School of Applied Communication,484.7,491.1,0.346,0.556,407,2.85,2.66,0.069,0.172,,0.67,0.029,0.58,0.143,0.084,0.622,0.133,0.903,0.302
2019,24,24Q293,Civic Leadership Academy,497.4,493.1,0.339,0.525,593,3.11,2.97,0.066,0.197,0.039,0.77,0.056,0.685,0.132,0.049,0.69,0.061,0.911,0.259
2019,24,24Q296,Pan American International High School,395.6,391.9,0.021,0.028,423,1.9,1.96,0.842,0.028,,0.95,0.182,0.624,,0.002,0.991,0.002,0.935,0.18
2019,24,24Q299,Bard High School Early College Queens,695.1,666.9,0.972,0.972,643,3.97,4.16,0.002,0.054,,0.42,0.016,0.308,0.361,0.103,0.188,0.33,0.963,0.065
2019,24,24Q455,Newtown High School,472.3,456.9,0.181,0.276,1805,2.72,2.62,0.239,0.137,0.021,0.79,0.109,0.656,0.254,0.08,0.596,0.048,0.89,0.267
2019,24,24Q485,Grover Cleveland High School,466.8,457.3,0.156,0.245,1715,2.72,2.59,0.174,0.192,0.066,0.75,0.089,0.648,0.1,0.058,0.635,0.183,0.836,0.428
2019,24,24Q520,Middle College High School at LaGuardia Community,453.8,459.6,0.139,0.374,508,3.02,3,0.012,0.165,,0.74,0.026,0.687,0.081,0.026,0.821,0.067,0.932,0.19
2019,24,24Q530,International High School at LaGuardia Community C,426,412.3,0.098,0.089,507,2.05,2.43,0.651,0.018,,0.84,0.225,0.602,0.233,0.026,0.645,0.097,0.918,0.24
2019,24,24Q550,High School for Arts and Business,493.6,493.1,0.337,0.497,784,2.97,2.91,0.099,0.163,0.001,0.75,0.073,0.67,0.089,0.075,0.761,0.05,0.912,0.247
2019,24,24Q560,"Robert F. Wagner, Jr. Secondary School for Arts an",517.7,508.2,0.487,0.63,491,3.06,3.12,0.031,0.181,,0.65,0.041,0.564,0.187,0.051,0.613,0.141,0.918,0.228
2019,24,24Q585,Maspeth High School,557.5,544.2,0.671,0.839,1212,3.33,3.35,0.03,0.154,,0.55,0.025,0.465,0.174,0.017,0.464,0.276,0.934,0.201
2019,24,24Q600,Queens Technical High School,477.3,465.6,0.264,0.427,1522,2.95,2.99,0.073,0.181,0.048,0.76,0.053,0.693,0.095,0.051,0.797,0.054,0.921,0.188
2019,24,24Q610,Aviation Career & Technical Education High School,560.3,528.5,0.685,0.747,2088,3.42,3.68,0.029,0.139,0.042,0.67,0.032,0.582,0.37,0.04,0.459,0.095,0.974,0.057
2019,25,25Q240,Veritas Academy,491.7,494.9,0.259,0.504,567,2.87,2.79,0.079,0.183,0.063,0.7,0.071,0.589,0.134,0.125,0.61,0.093,0.887,0.349
2019,25,25Q241,Queens High School for Language Studies,570.2,478.2,0.65,0.437,424,2.99,3.16,0.226,0.064,,0.76,0.052,0.613,0.594,0.064,0.281,0.031,0.933,0.194
2019,25,25Q252,"Queens School of Inquiry, The",544,530.9,0.5,0.769,335,3.26,3.36,0.024,0.155,,0.51,0.012,0.409,0.352,0.17,0.239,0.188,0.94,0.152
2019,25,25Q263,Flushing International High School,462.1,394.2,0.236,0.057,426,1.84,2.49,0.869,0.026,0.002,0.95,0.251,0.608,0.448,0.019,0.486,0.042,0.887,0.329
2019,25,25Q281,East-West School of International Studies,564.9,527.9,0.616,0.658,352,3.07,3.42,0.051,0.156,0.014,0.62,0.026,0.523,0.588,0.105,0.224,0.065,0.932,0.202
2019,25,25Q285,World Journalism Preparatory: A College Board Scho,526.9,545.7,0.417,0.792,325,3.26,3.11,0.012,0.188,,0.46,0.049,0.366,0.138,0.049,0.36,0.422,0.915,0.274
2019,25,25Q425,John Bowne High School,483.7,475.6,0.26,0.395,3522,2.87,2.84,0.176,0.15,0.05,0.75,0.069,0.634,0.296,0.19,0.435,0.055,0.849,0.383
2019,25,25Q460,Flushing High School,453.4,450.1,0.158,0.254,1595,2.75,2.63,0.208,0.127,0.034,0.78,0.11,0.648,0.159,0.193,0.589,0.032,0.844,0.439
2019,25,25Q525,Townsend Harris High School,727.1,687,0.983,0.983,1182,4.15,4.29,0.001,0.043,,0.39,0.011,0.289,0.558,0.052,0.124,0.193,0.971,0.052
2019,25,25Q670,Robert F. Kennedy Community High School,506.4,488.7,0.362,0.503,702,2.84,2.88,0.08,0.175,0.014,0.7,0.038,0.621,0.355,0.128,0.349,0.14,0.898,0.318
2019,26,26Q315,Business Technology Early College High School,472.4,487.5,0.218,0.505,519,3.05,2.92,0.04,0.125,0.002,0.59,0.075,0.491,0.245,0.439,0.193,0.062,0.866,0.405
2019,26,26Q415,Benjamin N. Cardozo High School,578.1,546.8,0.566,0.678,3609,3.22,3.33,0.046,0.134,0.034,0.51,0.037,0.421,0.422,0.215,0.208,0.136,0.92,0.22
2019,26,26Q430,Francis Lewis High School,597.7,551.3,0.68,0.728,4492,3.29,3.49,0.105,0.146,0.047,0.6,0.05,0.493,0.567,0.061,0.215,0.149,0.921,0.204
2019,26,26Q435,Martin Van Buren High School,467.6,469.8,0.195,0.355,1162,2.76,2.58,0.13,0.115,0.024,0.67,0.083,0.559,0.288,0.453,0.176,0.032,0.878,0.359
2019,26,26Q495,Bayside High School,556.2,529.4,0.582,0.676,2850,3.11,3.23,0.082,0.166,0.037,0.52,0.059,0.416,0.379,0.131,0.25,0.198,0.928,0.219
2019,26,26Q566,"Queens High School of Teaching, Liberal Arts and t",481.3,487.4,0.255,0.502,1070,2.88,2.68,0.024,0.201,0.002,0.41,0.029,0.329,0.207,0.526,0.148,0.072,0.9,0.306
2019,27,27Q260,Frederick Douglass Academy VI High School,401.7,419.4,,0.076,346,2.39,2.04,0.303,0.199,0.017,0.88,0.194,0.659,0.012,0.491,0.462,0.006,0.782,0.592
2019,27,27Q262,Channel View School for Research,476.5,489.1,0.242,0.542,553,3.01,2.76,0.014,0.125,0.011,0.63,0.029,0.524,0.071,0.456,0.316,0.141,0.897,0.363
2019,27,27Q302,"Queens High School for Information, Research, and",425.8,433.4,0.107,0.229,466,2.61,2.34,0.217,0.208,0.009,0.81,0.109,0.661,0.052,0.408,0.483,0.032,0.847,0.425
2019,27,27Q308,Robert H. Goddard High School of Communication Art,490.8,491.7,0.304,0.481,629,3.01,2.79,0.038,0.194,0.025,0.57,0.038,0.477,0.262,0.075,0.377,0.238,0.933,0.189
2019,27,27Q309,Academy of Medical Technology: A College Board Sch,430.4,442.2,0.061,0.219,400,2.69,2.32,0.168,0.155,0.003,0.83,0.085,0.703,0.075,0.383,0.475,0.043,0.857,0.444
2019,27,27Q314,Epic High School - South,434.2,465.2,0.068,0.398,382,2.66,2.45,0.089,0.194,0.065,0.66,0.065,0.573,0.275,0.319,0.285,0.031,0.843,0.516
2019,27,27Q323,Scholars' Academy,617.9,608.1,0.86,0.93,691,3.85,4.05,,0.148,0.064,0.35,0.013,0.243,0.145,0.207,0.208,0.427,0.935,0.173
2019,27,27Q324,Rockaway Park High School for Environmental Sustai,448.3,458.2,0.084,0.263,304,2.57,2.25,0.122,0.293,0.003,0.85,0.168,0.757,0.03,0.431,0.401,0.092,0.776,0.627
2019,27,27Q334,Epic High School - North,452.3,470.9,0.114,0.33,411,2.72,2.53,0.097,0.153,,0.69,0.073,0.582,0.273,0.168,0.414,0.054,0.851,0.452
2019,27,27Q351,Rockaway Collegiate High School,433.1,439.8,0.074,0.21,306,2.47,2.26,0.082,0.304,0.098,0.83,0.101,0.739,0.029,0.559,0.353,0.052,0.797,0.583
2019,27,27Q400,August Martin High School,391.2,406.7,0.071,0.143,311,2.4,2.18,0.061,0.232,0.01,0.72,0.132,0.624,0.125,0.666,0.148,0.013,0.885,0.378
2019,27,27Q475,Richmond Hill High School,436.6,441.6,0.084,0.24,1576,2.68,2.54,0.23,0.143,0.039,0.77,0.073,0.624,0.315,0.123,0.456,0.041,0.877,0.352
2019,27,27Q480,John Adams High School,450.4,455.7,0.123,0.269,2366,2.71,2.49,0.139,0.14,0.046,0.75,0.115,0.615,0.361,0.245,0.322,0.027,0.87,0.383
2019,27,27Q650,"High School for Construction Trades, Engineering a",547.4,525.3,0.629,0.747,1066,3.28,3.35,0.016,0.162,0.003,0.53,0.019,0.421,0.308,0.09,0.365,0.119,0.939,0.168
2019,28,28Q157,J.H.S. 157 Stephen A. Halsey,,,,,38,2.41,2.41,0.289,0.316,0.211,0.82,0.132,0.737,0.289,0.158,0.237,0.316,0.923,0.263
2019,28,28Q167,Metropolitan Expeditionary Learning School,502.1,513.2,0.38,0.657,454,2.98,2.82,0.007,0.194,0.02,0.53,0.044,0.436,0.161,0.183,0.441,0.152,0.936,0.187
2019,28,28Q284,York Early College Academy,567.2,553.3,0.705,0.83,368,3.45,3.61,,0.092,0.005,0.5,0.046,0.399,0.272,0.514,0.092,0.011,0.933,0.173
2019,28,28Q310,Queens Collegiate: A College Board School,465.3,462,0.248,0.339,416,2.78,2.66,0.123,0.149,0.012,0.69,0.063,0.567,0.303,0.399,0.192,0.014,0.862,0.4
2019,28,28Q325,Hillside Arts & Letters Academy,445.8,457.6,0.135,0.351,447,2.69,2.41,0.141,0.192,0.016,0.71,0.081,0.615,0.201,0.412,0.293,0.025,0.868,0.398
2019,28,28Q328,High School for Community Leadership,491.2,485.4,0.365,0.487,464,2.83,2.62,0.149,0.155,0.006,0.69,0.097,0.575,0.231,0.353,0.28,0.045,0.841,0.519
2019,28,28Q350,Jamaica Gateway to the Sciences,530.2,517.3,0.556,0.611,494,2.91,2.95,0.099,0.148,0.006,0.65,0.109,0.559,0.381,0.344,0.16,0.026,0.898,0.335
2019,28,28Q440,Forest Hills High School,545,528.6,0.522,0.634,3806,3.19,3.25,0.086,0.159,0.045,0.59,0.046,0.463,0.241,0.071,0.354,0.295,0.882,0.287
2019,28,28Q505,Hillcrest High School,464.2,474.8,0.181,0.403,3300,2.86,2.74,0.18,0.109,0.045,0.73,0.089,0.602,0.325,0.263,0.337,0.032,0.866,0.339
2019,28,28Q620,Thomas A. Edison Career and Technical Education Hi,564.5,538.9,0.652,0.739,2196,3.39,3.51,0.022,0.135,0.054,0.61,0.043,0.519,0.483,0.178,0.232,0.041,0.938,0.141
2019,28,28Q680,Queens Gateway to Health Sciences Secondary School,600.4,592.3,0.823,0.885,426,3.54,3.59,0.019,0.131,0.012,0.52,0.028,0.441,0.451,0.265,0.11,0.052,0.931,0.184
2019,28,28Q686,Queens Metropolitan High School,516.8,516.7,0.451,0.702,1104,3.08,2.94,0.032,0.172,0.045,0.44,0.033,0.35,0.101,0.037,0.425,0.427,0.92,0.228
2019,28,28Q687,Queens High School for the Sciences at York Colleg,758.7,692.8,,,475,4.06,4.31,,,,0.49,0.021,0.394,0.819,0.032,0.04,0.061,0.969,0.078
2019,28,28Q690,High School for Law Enforcement and Public Safety,443.3,455.4,0.127,0.309,462,2.62,2.42,0.069,0.212,0.091,0.69,0.121,0.6,0.123,0.578,0.247,0.017,0.868,0.372
2019,28,28Q896,"Young Women's Leadership School, Queens",546.4,553.5,0.632,0.763,299,3.4,3.24,0.017,0.164,,0.6,0.07,0.495,0.358,0.431,0.104,0.033,0.921,0.264
2019,29,29Q243,Institute for Health Professions at Cambria Height,434.8,459.2,0.09,0.34,413,2.85,2.53,0.097,0.107,0.01,0.68,0.09,0.603,0.107,0.705,0.131,0.019,0.87,0.439
2019,29,29Q248,Queens Preparatory Academy,443.3,443.8,0.192,0.253,387,2.51,2.24,0.116,0.14,0.01,0.66,0.134,0.584,0.036,0.819,0.085,0.018,0.81,0.458
2019,29,29Q259,Pathways College Preparatory School: A College Boa,454.5,458.1,0.173,0.36,353,2.79,2.42,0.048,0.147,0.011,0.52,0.071,0.445,0.065,0.853,0.045,0.017,0.901,0.238
2019,29,29Q265,Excelsior Preparatory High School,431.4,451.4,0.098,0.344,438,2.66,2.33,0.078,0.16,0.03,0.59,0.098,0.493,0.025,0.822,0.082,0.025,0.863,0.385
2019,29,29Q272,George Washington Carver High School for the Scien,426.5,441.1,0.121,0.273,417,2.72,2.48,0.05,0.173,0.026,0.62,0.101,0.518,0.043,0.734,0.151,0.012,0.847,0.374
2019,29,29Q283,Preparatory Academy for Writers: A College Board S,458.2,461.5,0.227,0.309,371,2.89,2.65,0.024,0.151,0.022,0.53,0.059,0.453,0.03,0.903,0.057,,0.845,0.416
2019,29,29Q313,Benjamin Franklin High School for Finance & Inform,430.4,446.2,0.141,0.304,389,2.64,2.4,0.131,0.177,0.044,0.69,0.113,0.571,0.147,0.602,0.165,0.021,0.849,0.476
2019,29,29Q326,Cambria Heights Academy,444.3,454,0.128,0.34,370,2.63,2.38,0.103,0.173,0.003,0.6,0.092,0.519,0.146,0.724,0.097,0.016,0.872,0.338
2019,29,29Q327,Eagle Academy for Young Men III,448.2,456.6,0.086,0.259,276,2.61,2.37,0.004,0.243,0.043,0.52,0.091,0.438,0.022,0.859,0.043,0.018,0.868,0.419
2019,29,29Q492,"Mathematics, Science Research and Technology Magne",439.5,450,0.071,0.292,407,2.67,2.52,0.145,0.111,0.01,0.7,0.108,0.587,0.162,0.688,0.113,0.015,0.842,0.431
2019,29,29Q498,Humanities & Arts Magnet High School,421.4,443.3,0.049,0.189,439,2.62,2.28,0.114,0.171,0.002,0.68,0.118,0.569,0.062,0.745,0.15,0.016,0.86,0.398
2019,30,30Q258,Energy Tech High School,520.3,509.5,0.422,0.606,533,3.01,3.05,0.026,0.163,0.002,0.63,0.038,0.544,0.167,0.094,0.578,0.124,0.911,0.261
2019,30,30Q286,"Young Women's Leadership School, Astoria",510.4,526.2,0.419,0.757,320,3.32,3.24,0.034,0.131,0.006,0.73,0.038,0.634,0.366,0.075,0.394,0.156,0.937,0.178
2019,30,30Q301,Academy for Careers in Television and Film,517,525.4,0.41,0.633,562,3.13,2.97,0.016,0.214,0.004,0.53,0.034,0.423,0.071,0.117,0.559,0.187,0.931,0.192
2019,30,30Q445,William Cullen Bryant High School,474.4,471.2,0.222,0.356,2344,2.84,2.76,0.186,0.147,0.043,0.8,0.1,0.689,0.262,0.067,0.515,0.137,0.881,0.297
2019,30,30Q450,Long Island City High School,464,474.2,0.169,0.373,2252,2.82,2.68,0.114,0.165,0.007,0.8,0.079,0.715,0.146,0.103,0.674,0.059,0.876,0.352
2019,30,30Q501,Frank Sinatra School of the Arts High School,547.5,555.9,0.632,0.849,853,3.59,3.56,0.008,0.188,,0.36,0.021,0.256,0.114,0.132,0.331,0.359,0.923,0.211
2019,30,30Q502,Information Technology High School,491.1,475.4,0.309,0.348,1011,2.79,2.78,0.073,0.193,0.058,0.76,0.099,0.681,0.208,0.111,0.595,0.073,0.88,0.307
2019,30,30Q555,Newcomers High School,459,409.9,0.194,0.135,828,1.85,2.22,0.783,0.008,,0.97,0.221,0.591,0.279,0.01,0.639,0.058,0.889,0.289
2019,30,30Q575,Academy of American Studies,571.3,563.1,0.699,0.796,1007,3.49,3.55,0.026,0.074,,0.53,0.019,0.436,0.256,0.044,0.352,0.346,0.925,0.22
2019,30,30Q580,Baccalaureate School for Global Education,684.9,664.2,0.945,0.964,412,3.87,4.02,0.024,0.102,0.027,0.44,0.012,0.35,0.444,0.051,0.218,0.255,0.962,0.068
2019,31,31R028,The Eagle Academy for Young Men of Staten Island,,,,,54,2.35,2.08,0.056,0.426,,0.7,0.037,0.556,0.093,0.556,0.278,0.074,0.89,0.431
2019,31,31R047,CSI High School for International Studies,564.3,566.4,0.571,0.838,496,3.48,3.42,,0.149,0.002,0.37,0.014,0.284,0.167,0.073,0.198,0.54,0.949,0.143
2019,31,31R064,Gaynor McCown Expeditionary Learning School,496.6,505.2,0.303,0.64,434,3.05,2.84,0.007,0.27,0.069,0.38,0.018,0.281,0.021,0.09,0.221,0.597,0.918,0.247
2019,31,31R080,The Michael J. Petrides School,512.1,515.4,0.404,0.606,457,3.12,3,0.004,0.274,0.033,0.45,0.018,0.322,0.094,0.245,0.217,0.438,0.915,0.265
2019,31,31R440,New Dorp High School,497.9,508.3,0.336,0.542,3051,2.99,2.82,0.045,0.232,0.065,0.55,0.051,0.449,0.095,0.102,0.271,0.519,0.912,0.175
2019,31,31R445,Port Richmond High School,468.6,468,0.183,0.313,1564,2.78,2.52,0.092,0.276,0.087,0.72,0.104,0.621,0.077,0.233,0.455,0.214,0.84,0.402
2019,31,31R450,Curtis High School,494.4,504,0.267,0.431,2586,2.89,2.66,0.082,0.191,0.017,0.74,0.1,0.617,0.07,0.359,0.406,0.134,0.861,0.36
2019,31,31R455,Tottenville High School,544.9,542.9,0.507,0.69,3654,3.26,3.26,0.016,0.207,0.043,0.31,0.026,0.24,0.054,0.016,0.116,0.804,0.915,0.244
2019,31,31R460,Susan E. Wagner High School,521.4,524,0.424,0.581,3383,3.2,3.04,0.039,0.213,0.072,0.52,0.04,0.424,0.151,0.103,0.272,0.461,0.91,0.235
2019,31,31R600,Ralph R. McKee Career and Technical Education High,468.9,476.2,0.201,0.361,795,2.67,2.47,0.065,0.326,0.092,0.71,0.059,0.615,0.047,0.272,0.482,0.189,0.84,0.445
2019,31,31R605,Staten Island Technical High School,747.5,699.4,0.988,0.988,1331,4.12,4.32,,0.013,,0.35,0.011,0.243,0.509,0.007,0.026,0.452,0.962,0.078
2019,32,32K168,The Brooklyn School for Math and Research,506.4,479.3,0.385,0.462,277,2.79,2.85,0.097,0.177,,0.81,0.119,0.7,0.051,0.477,0.422,0.025,0.901,0.36
2019,32,32K403,Academy for Environmental Leadership,410.7,410.4,0.045,0.179,238,2.41,2.2,0.437,0.193,0.004,0.89,0.214,0.739,0.042,0.155,0.756,0.042,0.837,0.457
2019,32,32K545,EBC High School for Public Service - Bushwick,417.4,417.9,0.047,0.163,479,2.54,2.25,0.196,0.23,0.01,0.9,0.148,0.839,0.002,0.094,0.881,0.021,0.828,0.513
2019,32,32K549,The Brooklyn School for Social Justice,400.9,394.7,0.01,0.106,335,2.44,2.18,0.358,0.224,,0.92,0.185,0.8,0.012,0.194,0.746,0.033,0.79,0.534
2019,32,32K552,The Academy of Urban Planning and Engineering,438.5,422.1,0.038,0.135,231,2.47,2.27,0.238,0.273,0.017,0.89,0.156,0.771,0.004,0.225,0.749,0.013,0.903,0.3
2019,32,32K554,All City Leadership Secondary School,576.1,555.8,0.746,0.78,250,3.49,3.68,0.028,0.148,0.004,0.71,0.044,0.6,0.048,0.1,0.796,0.052,0.934,0.196
2019,32,32K556,Bushwick Leaders High School for Academic Excellen,403.1,397.8,0.063,0.127,302,2.44,2.22,0.258,0.278,0.01,0.92,0.212,0.841,0.017,0.199,0.755,0.013,0.831,0.526